297,1,9pgGAaoToP1XScdZNjruEGNbXlE=,r+Cvuu7xBGxaQdHEbGbLXgfJmlo=
298,1,9pgGAaoToP1XScdZNjruEGNbXlE=,r+Cvuu7xBGxaQdHEbGbLXgfJmlo=
297,2,9pgGAaoToP1XScdZNjruEGNbXlE=,r+Cvuu7xBGxaQdHEbGbLXgfJmlo=
298,2,9pgGAaoToP1XScdZNjruEGNbXlE=,r+Cvuu7xBGxaQdHEbGbLXgfJmlo=
297,4,9pgGAaoToP1XScdZNjruEGNbXlE=,r+Cvuu7xBGxaQdHEbGbLXgfJmlo=
299,6,9pgGAaoToP1XScdZNjruEGNbXlE=,r+Cvuu7xBGxaQdHEbGbLXgfJmlo=
298,6,9pgGAaoToP1XScdZNjruEGNbXlE=,r+Cvuu7xBGxaQdHEbGbLXgfJmlo=
297,6,9pgGAaoToP1XScdZNjruEGNbXlE=,r+Cvuu7xBGxaQdHEbGbLXgfJmlo=
298,3,9pgGAaoToP1XScdZNjruEGNbXlE=,r+Cvuu7xBGxaQdHEbGbLXgfJmlo=
299,5,9pgGAaoToP1XScdZNjruEGNbXlE=,r+Cvuu7xBGxaQdHEbGbLXgfJmlo=
298,5,9pgGAaoToP1XScdZNjruEGNbXlE=,r+Cvuu7xBGxaQdHEbGbLXgfJmlo=
297,5,9pgGAaoToP1XScdZNjruEGNbXlE=,r+Cvuu7xBGxaQdHEbGbLXgfJmlo=
297,3,9pgGAaoToP1XScdZNjruEGNbXlE=,r+Cvuu7xBGxaQdHEbGbLXgfJmlo=
298,4,9pgGAaoToP1XScdZNjruEGNbXlE=,r+Cvuu7xBGxaQdHEbGbLXgfJmlo=
297,9,9pgGAaoToP1XScdZNjruEGNbXlE=,r+Cvuu7xBGxaQdHEbGbLXgfJmlo=
298,8,9pgGAaoToP1XScdZNjruEGNbXlE=,r+Cvuu7xBGxaQdHEbGbLXgfJmlo=
297,8,9pgGAaoToP1XScdZNjruEGNbXlE=,r+Cvuu7xBGxaQdHEbGbLXgfJmlo=
298,10,9pgGAaoToP1XScdZNjruEGNbXlE=,r+Cvuu7xBGxaQdHEbGbLXgfJmlo=
297,10,9pgGAaoToP1XScdZNjruEGNbXlE=,r+Cvuu7xBGxaQdHEbGbLXgfJmlo=
298,9,9pgGAaoToP1XScdZNjruEGNbXlE=,r+Cvuu7xBGxaQdHEbGbLXgfJmlo=
298,7,9pgGAaoToP1XScdZNjruEGNbXlE=,r+Cvuu7xBGxaQdHEbGbLXgfJmlo=
297,7,9pgGAaoToP1XScdZNjruEGNbXlE=,r+Cvuu7xBGxaQdHEbGbLXgfJmlo=
296,1,27XEW6/C37CCK519e+hm9e6OuLY=,r+Cvuu7xBGxaQdHEbGbLXgfJmlo=
293,1,27XEW6/C37CCK519e+hm9e6OuLY=,r+Cvuu7xBGxaQdHEbGbLXgfJmlo=
294,1,27XEW6/C37CCK519e+hm9e6OuLY=,r+Cvuu7xBGxaQdHEbGbLXgfJmlo=
296,2,27XEW6/C37CCK519e+hm9e6OuLY=,r+Cvuu7xBGxaQdHEbGbLXgfJmlo=
295,1,27XEW6/C37CCK519e+hm9e6OuLY=,r+Cvuu7xBGxaQdHEbGbLXgfJmlo=
293,2,27XEW6/C37CCK519e+hm9e6OuLY=,r+Cvuu7xBGxaQdHEbGbLXgfJmlo=
295,2,27XEW6/C37CCK519e+hm9e6OuLY=,r+Cvuu7xBGxaQdHEbGbLXgfJmlo=
294,2,27XEW6/C37CCK519e+hm9e6OuLY=,r+Cvuu7xBGxaQdHEbGbLXgfJmlo=
296,9,27XEW6/C37CCK519e+hm9e6OuLY=,r+Cvuu7xBGxaQdHEbGbLXgfJmlo=
296,10,27XEW6/C37CCK519e+hm9e6OuLY=,r+Cvuu7xBGxaQdHEbGbLXgfJmlo=
289,1,I6p4gOemn4/FuNuTWv3q+JigcI0=,r+Cvuu7xBGxaQdHEbGbLXgfJmlo=
291,2,I6p4gOemn4/FuNuTWv3q+JigcI0=,r+Cvuu7xBGxaQdHEbGbLXgfJmlo=
290,2,I6p4gOemn4/FuNuTWv3q+JigcI0=,r+Cvuu7xBGxaQdHEbGbLXgfJmlo=
289,2,I6p4gOemn4/FuNuTWv3q+JigcI0=,r+Cvuu7xBGxaQdHEbGbLXgfJmlo=
292,2,I6p4gOemn4/FuNuTWv3q+JigcI0=,r+Cvuu7xBGxaQdHEbGbLXgfJmlo=
291,1,I6p4gOemn4/FuNuTWv3q+JigcI0=,r+Cvuu7xBGxaQdHEbGbLXgfJmlo=
292,1,I6p4gOemn4/FuNuTWv3q+JigcI0=,r+Cvuu7xBGxaQdHEbGbLXgfJmlo=
290,1,I6p4gOemn4/FuNuTWv3q+JigcI0=,r+Cvuu7xBGxaQdHEbGbLXgfJmlo=
296,6,I6p4gOemn4/FuNuTWv3q+JigcI0=,r+Cvuu7xBGxaQdHEbGbLXgfJmlo=
296,7,I6p4gOemn4/FuNuTWv3q+JigcI0=,r+Cvuu7xBGxaQdHEbGbLXgfJmlo=
296,5,I6p4gOemn4/FuNuTWv3q+JigcI0=,r+Cvuu7xBGxaQdHEbGbLXgfJmlo=
296,3,I6p4gOemn4/FuNuTWv3q+JigcI0=,r+Cvuu7xBGxaQdHEbGbLXgfJmlo=
288,13,I6p4gOemn4/FuNuTWv3q+JigcI0=,r+Cvuu7xBGxaQdHEbGbLXgfJmlo=
288,14,I6p4gOemn4/FuNuTWv3q+JigcI0=,r+Cvuu7xBGxaQdHEbGbLXgfJmlo=
296,8,I6p4gOemn4/FuNuTWv3q+JigcI0=,r+Cvuu7xBGxaQdHEbGbLXgfJmlo=
296,12,I6p4gOemn4/FuNuTWv3q+JigcI0=,r+Cvuu7xBGxaQdHEbGbLXgfJmlo=
297,12,I6p4gOemn4/FuNuTWv3q+JigcI0=,r+Cvuu7xBGxaQdHEbGbLXgfJmlo=
298,12,I6p4gOemn4/FuNuTWv3q+JigcI0=,r+Cvuu7xBGxaQdHEbGbLXgfJmlo=
296,13,I6p4gOemn4/FuNuTWv3q+JigcI0=,r+Cvuu7xBGxaQdHEbGbLXgfJmlo=
297,13,I6p4gOemn4/FuNuTWv3q+JigcI0=,r+Cvuu7xBGxaQdHEbGbLXgfJmlo=
298,13,I6p4gOemn4/FuNuTWv3q+JigcI0=,r+Cvuu7xBGxaQdHEbGbLXgfJmlo=
296,14,I6p4gOemn4/FuNuTWv3q+JigcI0=,r+Cvuu7xBGxaQdHEbGbLXgfJmlo=
297,14,I6p4gOemn4/FuNuTWv3q+JigcI0=,r+Cvuu7xBGxaQdHEbGbLXgfJmlo=
298,14,I6p4gOemn4/FuNuTWv3q+JigcI0=,r+Cvuu7xBGxaQdHEbGbLXgfJmlo=
298,11,I6p4gOemn4/FuNuTWv3q+JigcI0=,r+Cvuu7xBGxaQdHEbGbLXgfJmlo=
295,11,I6p4gOemn4/FuNuTWv3q+JigcI0=,r+Cvuu7xBGxaQdHEbGbLXgfJmlo=
297,11,I6p4gOemn4/FuNuTWv3q+JigcI0=,r+Cvuu7xBGxaQdHEbGbLXgfJmlo=
296,11,I6p4gOemn4/FuNuTWv3q+JigcI0=,r+Cvuu7xBGxaQdHEbGbLXgfJmlo=
299,13,I6p4gOemn4/FuNuTWv3q+JigcI0=,r+Cvuu7xBGxaQdHEbGbLXgfJmlo=
299,14,I6p4gOemn4/FuNuTWv3q+JigcI0=,r+Cvuu7xBGxaQdHEbGbLXgfJmlo=
288,11,I6p4gOemn4/FuNuTWv3q+JigcI0=,r+Cvuu7xBGxaQdHEbGbLXgfJmlo=
288,10,I6p4gOemn4/FuNuTWv3q+JigcI0=,r+Cvuu7xBGxaQdHEbGbLXgfJmlo=
288,12,I6p4gOemn4/FuNuTWv3q+JigcI0=,r+Cvuu7xBGxaQdHEbGbLXgfJmlo=
289,13,Hw6R433HPp6+vr60wCyloUCQxWs=,r+Cvuu7xBGxaQdHEbGbLXgfJmlo=
288,1,Hw6R433HPp6+vr60wCyloUCQxWs=,r+Cvuu7xBGxaQdHEbGbLXgfJmlo=
288,2,Hw6R433HPp6+vr60wCyloUCQxWs=,r+Cvuu7xBGxaQdHEbGbLXgfJmlo=
297,0,Hw6R433HPp6+vr60wCyloUCQxWs=,r+Cvuu7xBGxaQdHEbGbLXgfJmlo=
298,0,Hw6R433HPp6+vr60wCyloUCQxWs=,r+Cvuu7xBGxaQdHEbGbLXgfJmlo=
299,1,Hw6R433HPp6+vr60wCyloUCQxWs=,r+Cvuu7xBGxaQdHEbGbLXgfJmlo=
299,4,Hw6R433HPp6+vr60wCyloUCQxWs=,r+Cvuu7xBGxaQdHEbGbLXgfJmlo=
299,2,Hw6R433HPp6+vr60wCyloUCQxWs=,r+Cvuu7xBGxaQdHEbGbLXgfJmlo=
299,3,Hw6R433HPp6+vr60wCyloUCQxWs=,r+Cvuu7xBGxaQdHEbGbLXgfJmlo=
299,0,Hw6R433HPp6+vr60wCyloUCQxWs=,r+Cvuu7xBGxaQdHEbGbLXgfJmlo=
299,12,Hw6R433HPp6+vr60wCyloUCQxWs=,r+Cvuu7xBGxaQdHEbGbLXgfJmlo=
299,7,Hw6R433HPp6+vr60wCyloUCQxWs=,r+Cvuu7xBGxaQdHEbGbLXgfJmlo=
299,9,Hw6R433HPp6+vr60wCyloUCQxWs=,r+Cvuu7xBGxaQdHEbGbLXgfJmlo=
299,10,Hw6R433HPp6+vr60wCyloUCQxWs=,r+Cvuu7xBGxaQdHEbGbLXgfJmlo=
299,8,Hw6R433HPp6+vr60wCyloUCQxWs=,r+Cvuu7xBGxaQdHEbGbLXgfJmlo=
299,11,Hw6R433HPp6+vr60wCyloUCQxWs=,r+Cvuu7xBGxaQdHEbGbLXgfJmlo=
293,0,Hw6R433HPp6+vr60wCyloUCQxWs=,r+Cvuu7xBGxaQdHEbGbLXgfJmlo=
296,0,Hw6R433HPp6+vr60wCyloUCQxWs=,r+Cvuu7xBGxaQdHEbGbLXgfJmlo=
294,0,Hw6R433HPp6+vr60wCyloUCQxWs=,r+Cvuu7xBGxaQdHEbGbLXgfJmlo=
295,0,Hw6R433HPp6+vr60wCyloUCQxWs=,r+Cvuu7xBGxaQdHEbGbLXgfJmlo=
289,0,Hw6R433HPp6+vr60wCyloUCQxWs=,r+Cvuu7xBGxaQdHEbGbLXgfJmlo=
290,0,Hw6R433HPp6+vr60wCyloUCQxWs=,r+Cvuu7xBGxaQdHEbGbLXgfJmlo=
292,0,Hw6R433HPp6+vr60wCyloUCQxWs=,r+Cvuu7xBGxaQdHEbGbLXgfJmlo=
291,0,Hw6R433HPp6+vr60wCyloUCQxWs=,r+Cvuu7xBGxaQdHEbGbLXgfJmlo=
288,0,Hw6R433HPp6+vr60wCyloUCQxWs=,r+Cvuu7xBGxaQdHEbGbLXgfJmlo=
288,15,Hw6R433HPp6+vr60wCyloUCQxWs=,r+Cvuu7xBGxaQdHEbGbLXgfJmlo=
289,14,Hw6R433HPp6+vr60wCyloUCQxWs=,r+Cvuu7xBGxaQdHEbGbLXgfJmlo=
297,15,Hw6R433HPp6+vr60wCyloUCQxWs=,r+Cvuu7xBGxaQdHEbGbLXgfJmlo=
298,15,Hw6R433HPp6+vr60wCyloUCQxWs=,r+Cvuu7xBGxaQdHEbGbLXgfJmlo=
299,15,Hw6R433HPp6+vr60wCyloUCQxWs=,r+Cvuu7xBGxaQdHEbGbLXgfJmlo=
294,3,m62TZ5GYwaFr4nnbPTOxpFQp8CY=,r+Cvuu7xBGxaQdHEbGbLXgfJmlo=
289,15,m62TZ5GYwaFr4nnbPTOxpFQp8CY=,r+Cvuu7xBGxaQdHEbGbLXgfJmlo=
289,12,m62TZ5GYwaFr4nnbPTOxpFQp8CY=,r+Cvuu7xBGxaQdHEbGbLXgfJmlo=
296,15,m62TZ5GYwaFr4nnbPTOxpFQp8CY=,r+Cvuu7xBGxaQdHEbGbLXgfJmlo=
296,4,m62TZ5GYwaFr4nnbPTOxpFQp8CY=,r+Cvuu7xBGxaQdHEbGbLXgfJmlo=
294,7,m62TZ5GYwaFr4nnbPTOxpFQp8CY=,r+Cvuu7xBGxaQdHEbGbLXgfJmlo=
295,6,m62TZ5GYwaFr4nnbPTOxpFQp8CY=,r+Cvuu7xBGxaQdHEbGbLXgfJmlo=
295,12,m62TZ5GYwaFr4nnbPTOxpFQp8CY=,r+Cvuu7xBGxaQdHEbGbLXgfJmlo=
295,5,m62TZ5GYwaFr4nnbPTOxpFQp8CY=,r+Cvuu7xBGxaQdHEbGbLXgfJmlo=
294,5,m62TZ5GYwaFr4nnbPTOxpFQp8CY=,r+Cvuu7xBGxaQdHEbGbLXgfJmlo=
294,4,m62TZ5GYwaFr4nnbPTOxpFQp8CY=,r+Cvuu7xBGxaQdHEbGbLXgfJmlo=
295,13,Fgt3/2r+mG1NcizOMDyk0UlluZk=,r+Cvuu7xBGxaQdHEbGbLXgfJmlo=
295,7,Fgt3/2r+mG1NcizOMDyk0UlluZk=,r+Cvuu7xBGxaQdHEbGbLXgfJmlo=
290,12,Fgt3/2r+mG1NcizOMDyk0UlluZk=,r+Cvuu7xBGxaQdHEbGbLXgfJmlo=
295,3,BYHFfgo4AMn+Myl9v1wmBBq/6wY=,r+Cvuu7xBGxaQdHEbGbLXgfJmlo=
289,11,BYHFfgo4AMn+Myl9v1wmBBq/6wY=,r+Cvuu7xBGxaQdHEbGbLXgfJmlo=
291,15,BYHFfgo4AMn+Myl9v1wmBBq/6wY=,r+Cvuu7xBGxaQdHEbGbLXgfJmlo=
294,8,BYHFfgo4AMn+Myl9v1wmBBq/6wY=,r+Cvuu7xBGxaQdHEbGbLXgfJmlo=
290,15,BYHFfgo4AMn+Myl9v1wmBBq/6wY=,r+Cvuu7xBGxaQdHEbGbLXgfJmlo=
289,10,BYHFfgo4AMn+Myl9v1wmBBq/6wY=,r+Cvuu7xBGxaQdHEbGbLXgfJmlo=
295,10,BYHFfgo4AMn+Myl9v1wmBBq/6wY=,r+Cvuu7xBGxaQdHEbGbLXgfJmlo=
292,3,BYHFfgo4AMn+Myl9v1wmBBq/6wY=,r+Cvuu7xBGxaQdHEbGbLXgfJmlo=
291,12,BYHFfgo4AMn+Myl9v1wmBBq/6wY=,r+Cvuu7xBGxaQdHEbGbLXgfJmlo=
289,5,BYHFfgo4AMn+Myl9v1wmBBq/6wY=,r+Cvuu7xBGxaQdHEbGbLXgfJmlo=
294,6,tlLkrrBmKauClRrSCbj8CgzQq80=,r+Cvuu7xBGxaQdHEbGbLXgfJmlo=
293,6,tlLkrrBmKauClRrSCbj8CgzQq80=,r+Cvuu7xBGxaQdHEbGbLXgfJmlo=
293,5,tlLkrrBmKauClRrSCbj8CgzQq80=,r+Cvuu7xBGxaQdHEbGbLXgfJmlo=
288,3,tlLkrrBmKauClRrSCbj8CgzQq80=,r+Cvuu7xBGxaQdHEbGbLXgfJmlo=
292,8,tlLkrrBmKauClRrSCbj8CgzQq80=,r+Cvuu7xBGxaQdHEbGbLXgfJmlo=
294,11,tlLkrrBmKauClRrSCbj8CgzQq80=,r+Cvuu7xBGxaQdHEbGbLXgfJmlo=
290,11,tlLkrrBmKauClRrSCbj8CgzQq80=,r+Cvuu7xBGxaQdHEbGbLXgfJmlo=
290,13,tlLkrrBmKauClRrSCbj8CgzQq80=,r+Cvuu7xBGxaQdHEbGbLXgfJmlo=
289,3,tlLkrrBmKauClRrSCbj8CgzQq80=,r+Cvuu7xBGxaQdHEbGbLXgfJmlo=
291,13,tlLkrrBmKauClRrSCbj8CgzQq80=,r+Cvuu7xBGxaQdHEbGbLXgfJmlo=
293,3,tlLkrrBmKauClRrSCbj8CgzQq80=,r+Cvuu7xBGxaQdHEbGbLXgfJmlo=
291,8,tlLkrrBmKauClRrSCbj8CgzQq80=,r+Cvuu7xBGxaQdHEbGbLXgfJmlo=
294,9,tlLkrrBmKauClRrSCbj8CgzQq80=,r+Cvuu7xBGxaQdHEbGbLXgfJmlo=
290,3,tlLkrrBmKauClRrSCbj8CgzQq80=,r+Cvuu7xBGxaQdHEbGbLXgfJmlo=
295,14,tlLkrrBmKauClRrSCbj8CgzQq80=,r+Cvuu7xBGxaQdHEbGbLXgfJmlo=
295,8,tlLkrrBmKauClRrSCbj8CgzQq80=,r+Cvuu7xBGxaQdHEbGbLXgfJmlo=
290,14,tlLkrrBmKauClRrSCbj8CgzQq80=,r+Cvuu7xBGxaQdHEbGbLXgfJmlo=
292,4,34vIDm7s8F13H6l5MnXR9GclMo4=,r+Cvuu7xBGxaQdHEbGbLXgfJmlo=
290,10,34vIDm7s8F13H6l5MnXR9GclMo4=,r+Cvuu7xBGxaQdHEbGbLXgfJmlo=
293,8,34vIDm7s8F13H6l5MnXR9GclMo4=,r+Cvuu7xBGxaQdHEbGbLXgfJmlo=
293,9,34vIDm7s8F13H6l5MnXR9GclMo4=,r+Cvuu7xBGxaQdHEbGbLXgfJmlo=
295,4,34vIDm7s8F13H6l5MnXR9GclMo4=,r+Cvuu7xBGxaQdHEbGbLXgfJmlo=
293,10,34vIDm7s8F13H6l5MnXR9GclMo4=,r+Cvuu7xBGxaQdHEbGbLXgfJmlo=
293,13,34vIDm7s8F13H6l5MnXR9GclMo4=,r+Cvuu7xBGxaQdHEbGbLXgfJmlo=
288,4,34vIDm7s8F13H6l5MnXR9GclMo4=,r+Cvuu7xBGxaQdHEbGbLXgfJmlo=
295,9,34vIDm7s8F13H6l5MnXR9GclMo4=,r+Cvuu7xBGxaQdHEbGbLXgfJmlo=
294,10,34vIDm7s8F13H6l5MnXR9GclMo4=,r+Cvuu7xBGxaQdHEbGbLXgfJmlo=
291,4,34vIDm7s8F13H6l5MnXR9GclMo4=,r+Cvuu7xBGxaQdHEbGbLXgfJmlo=
293,11,34vIDm7s8F13H6l5MnXR9GclMo4=,r+Cvuu7xBGxaQdHEbGbLXgfJmlo=
291,14,34vIDm7s8F13H6l5MnXR9GclMo4=,r+Cvuu7xBGxaQdHEbGbLXgfJmlo=
291,3,34vIDm7s8F13H6l5MnXR9GclMo4=,r+Cvuu7xBGxaQdHEbGbLXgfJmlo=
288,5,34vIDm7s8F13H6l5MnXR9GclMo4=,r+Cvuu7xBGxaQdHEbGbLXgfJmlo=
292,5,34vIDm7s8F13H6l5MnXR9GclMo4=,r+Cvuu7xBGxaQdHEbGbLXgfJmlo=
290,9,34vIDm7s8F13H6l5MnXR9GclMo4=,r+Cvuu7xBGxaQdHEbGbLXgfJmlo=
293,4,34vIDm7s8F13H6l5MnXR9GclMo4=,r+Cvuu7xBGxaQdHEbGbLXgfJmlo=
292,9,34vIDm7s8F13H6l5MnXR9GclMo4=,r+Cvuu7xBGxaQdHEbGbLXgfJmlo=
293,7,34vIDm7s8F13H6l5MnXR9GclMo4=,r+Cvuu7xBGxaQdHEbGbLXgfJmlo=
290,6,34vIDm7s8F13H6l5MnXR9GclMo4=,r+Cvuu7xBGxaQdHEbGbLXgfJmlo=
292,10,34vIDm7s8F13H6l5MnXR9GclMo4=,r+Cvuu7xBGxaQdHEbGbLXgfJmlo=
290,8,34vIDm7s8F13H6l5MnXR9GclMo4=,r+Cvuu7xBGxaQdHEbGbLXgfJmlo=
288,9,34vIDm7s8F13H6l5MnXR9GclMo4=,r+Cvuu7xBGxaQdHEbGbLXgfJmlo=
291,7,34vIDm7s8F13H6l5MnXR9GclMo4=,r+Cvuu7xBGxaQdHEbGbLXgfJmlo=
289,9,34vIDm7s8F13H6l5MnXR9GclMo4=,r+Cvuu7xBGxaQdHEbGbLXgfJmlo=
292,6,34vIDm7s8F13H6l5MnXR9GclMo4=,r+Cvuu7xBGxaQdHEbGbLXgfJmlo=
294,12,34vIDm7s8F13H6l5MnXR9GclMo4=,r+Cvuu7xBGxaQdHEbGbLXgfJmlo=
288,6,34vIDm7s8F13H6l5MnXR9GclMo4=,r+Cvuu7xBGxaQdHEbGbLXgfJmlo=
290,4,34vIDm7s8F13H6l5MnXR9GclMo4=,r+Cvuu7xBGxaQdHEbGbLXgfJmlo=
295,15,34vIDm7s8F13H6l5MnXR9GclMo4=,r+Cvuu7xBGxaQdHEbGbLXgfJmlo=
289,6,34vIDm7s8F13H6l5MnXR9GclMo4=,r+Cvuu7xBGxaQdHEbGbLXgfJmlo=
292,11,34vIDm7s8F13H6l5MnXR9GclMo4=,r+Cvuu7xBGxaQdHEbGbLXgfJmlo=
291,5,34vIDm7s8F13H6l5MnXR9GclMo4=,r+Cvuu7xBGxaQdHEbGbLXgfJmlo=
290,7,34vIDm7s8F13H6l5MnXR9GclMo4=,r+Cvuu7xBGxaQdHEbGbLXgfJmlo=
292,7,34vIDm7s8F13H6l5MnXR9GclMo4=,r+Cvuu7xBGxaQdHEbGbLXgfJmlo=
291,6,34vIDm7s8F13H6l5MnXR9GclMo4=,r+Cvuu7xBGxaQdHEbGbLXgfJmlo=
292,12,34vIDm7s8F13H6l5MnXR9GclMo4=,r+Cvuu7xBGxaQdHEbGbLXgfJmlo=
289,4,34vIDm7s8F13H6l5MnXR9GclMo4=,r+Cvuu7xBGxaQdHEbGbLXgfJmlo=
293,14,y4uAEddEiOB7CMOSkX7don3FXl0=,r+Cvuu7xBGxaQdHEbGbLXgfJmlo=
291,10,y4uAEddEiOB7CMOSkX7don3FXl0=,r+Cvuu7xBGxaQdHEbGbLXgfJmlo=
290,5,y4uAEddEiOB7CMOSkX7don3FXl0=,r+Cvuu7xBGxaQdHEbGbLXgfJmlo=
293,12,y4uAEddEiOB7CMOSkX7don3FXl0=,r+Cvuu7xBGxaQdHEbGbLXgfJmlo=
292,15,y4uAEddEiOB7CMOSkX7don3FXl0=,r+Cvuu7xBGxaQdHEbGbLXgfJmlo=
292,13,y4uAEddEiOB7CMOSkX7don3FXl0=,r+Cvuu7xBGxaQdHEbGbLXgfJmlo=
294,13,y4uAEddEiOB7CMOSkX7don3FXl0=,r+Cvuu7xBGxaQdHEbGbLXgfJmlo=
291,11,y4uAEddEiOB7CMOSkX7don3FXl0=,r+Cvuu7xBGxaQdHEbGbLXgfJmlo=
291,9,y4uAEddEiOB7CMOSkX7don3FXl0=,r+Cvuu7xBGxaQdHEbGbLXgfJmlo=
293,15,y4uAEddEiOB7CMOSkX7don3FXl0=,r+Cvuu7xBGxaQdHEbGbLXgfJmlo=
289,7,y4uAEddEiOB7CMOSkX7don3FXl0=,r+Cvuu7xBGxaQdHEbGbLXgfJmlo=
289,8,y4uAEddEiOB7CMOSkX7don3FXl0=,r+Cvuu7xBGxaQdHEbGbLXgfJmlo=
288,8,y4uAEddEiOB7CMOSkX7don3FXl0=,r+Cvuu7xBGxaQdHEbGbLXgfJmlo=
288,7,y4uAEddEiOB7CMOSkX7don3FXl0=,r+Cvuu7xBGxaQdHEbGbLXgfJmlo=
294,15,y4uAEddEiOB7CMOSkX7don3FXl0=,r+Cvuu7xBGxaQdHEbGbLXgfJmlo=
292,14,y4uAEddEiOB7CMOSkX7don3FXl0=,r+Cvuu7xBGxaQdHEbGbLXgfJmlo=
294,14,y4uAEddEiOB7CMOSkX7don3FXl0=,r+Cvuu7xBGxaQdHEbGbLXgfJmlo=
289,25,y4uAEddEiOB7CMOSkX7don3FXl0=,r+Cvuu7xBGxaQdHEbGbLXgfJmlo=
290,26,y4uAEddEiOB7CMOSkX7don3FXl0=,r+Cvuu7xBGxaQdHEbGbLXgfJmlo=
289,26,y4uAEddEiOB7CMOSkX7don3FXl0=,r+Cvuu7xBGxaQdHEbGbLXgfJmlo=
290,25,y4uAEddEiOB7CMOSkX7don3FXl0=,r+Cvuu7xBGxaQdHEbGbLXgfJmlo=
289,22,y4uAEddEiOB7CMOSkX7don3FXl0=,r+Cvuu7xBGxaQdHEbGbLXgfJmlo=
290,23,y4uAEddEiOB7CMOSkX7don3FXl0=,r+Cvuu7xBGxaQdHEbGbLXgfJmlo=
290,21,y4uAEddEiOB7CMOSkX7don3FXl0=,r+Cvuu7xBGxaQdHEbGbLXgfJmlo=
290,24,y4uAEddEiOB7CMOSkX7don3FXl0=,r+Cvuu7xBGxaQdHEbGbLXgfJmlo=
289,24,y4uAEddEiOB7CMOSkX7don3FXl0=,r+Cvuu7xBGxaQdHEbGbLXgfJmlo=
289,23,y4uAEddEiOB7CMOSkX7don3FXl0=,r+Cvuu7xBGxaQdHEbGbLXgfJmlo=
289,21,y4uAEddEiOB7CMOSkX7don3FXl0=,r+Cvuu7xBGxaQdHEbGbLXgfJmlo=
290,22,y4uAEddEiOB7CMOSkX7don3FXl0=,r+Cvuu7xBGxaQdHEbGbLXgfJmlo=
292,26,y4uAEddEiOB7CMOSkX7don3FXl0=,r+Cvuu7xBGxaQdHEbGbLXgfJmlo=
294,25,y4uAEddEiOB7CMOSkX7don3FXl0=,r+Cvuu7xBGxaQdHEbGbLXgfJmlo=
291,26,y4uAEddEiOB7CMOSkX7don3FXl0=,r+Cvuu7xBGxaQdHEbGbLXgfJmlo=
293,25,y4uAEddEiOB7CMOSkX7don3FXl0=,r+Cvuu7xBGxaQdHEbGbLXgfJmlo=
292,25,y4uAEddEiOB7CMOSkX7don3FXl0=,r+Cvuu7xBGxaQdHEbGbLXgfJmlo=
294,26,y4uAEddEiOB7CMOSkX7don3FXl0=,r+Cvuu7xBGxaQdHEbGbLXgfJmlo=
291,25,y4uAEddEiOB7CMOSkX7don3FXl0=,r+Cvuu7xBGxaQdHEbGbLXgfJmlo=
293,26,y4uAEddEiOB7CMOSkX7don3FXl0=,r+Cvuu7xBGxaQdHEbGbLXgfJmlo=
298,21,zUDI3SUAtGz47dQ5Pj0rjAqMHdI=,r+Cvuu7xBGxaQdHEbGbLXgfJmlo=
298,22,zUDI3SUAtGz47dQ5Pj0rjAqMHdI=,r+Cvuu7xBGxaQdHEbGbLXgfJmlo=
297,22,zUDI3SUAtGz47dQ5Pj0rjAqMHdI=,r+Cvuu7xBGxaQdHEbGbLXgfJmlo=
289,20,zUDI3SUAtGz47dQ5Pj0rjAqMHdI=,r+Cvuu7xBGxaQdHEbGbLXgfJmlo=
290,19,zUDI3SUAtGz47dQ5Pj0rjAqMHdI=,r+Cvuu7xBGxaQdHEbGbLXgfJmlo=
289,19,zUDI3SUAtGz47dQ5Pj0rjAqMHdI=,r+Cvuu7xBGxaQdHEbGbLXgfJmlo=
290,20,zUDI3SUAtGz47dQ5Pj0rjAqMHdI=,r+Cvuu7xBGxaQdHEbGbLXgfJmlo=
298,18,zUDI3SUAtGz47dQ5Pj0rjAqMHdI=,r+Cvuu7xBGxaQdHEbGbLXgfJmlo=
298,17,zUDI3SUAtGz47dQ5Pj0rjAqMHdI=,r+Cvuu7xBGxaQdHEbGbLXgfJmlo=
298,20,zUDI3SUAtGz47dQ5Pj0rjAqMHdI=,r+Cvuu7xBGxaQdHEbGbLXgfJmlo=
298,19,zUDI3SUAtGz47dQ5Pj0rjAqMHdI=,r+Cvuu7xBGxaQdHEbGbLXgfJmlo=
297,16,zUDI3SUAtGz47dQ5Pj0rjAqMHdI=,r+Cvuu7xBGxaQdHEbGbLXgfJmlo=
298,16,zUDI3SUAtGz47dQ5Pj0rjAqMHdI=,r+Cvuu7xBGxaQdHEbGbLXgfJmlo=
296,25,zUDI3SUAtGz47dQ5Pj0rjAqMHdI=,r+Cvuu7xBGxaQdHEbGbLXgfJmlo=
295,25,zUDI3SUAtGz47dQ5Pj0rjAqMHdI=,r+Cvuu7xBGxaQdHEbGbLXgfJmlo=
298,24,zUDI3SUAtGz47dQ5Pj0rjAqMHdI=,r+Cvuu7xBGxaQdHEbGbLXgfJmlo=
298,26,zUDI3SUAtGz47dQ5Pj0rjAqMHdI=,r+Cvuu7xBGxaQdHEbGbLXgfJmlo=
297,24,zUDI3SUAtGz47dQ5Pj0rjAqMHdI=,r+Cvuu7xBGxaQdHEbGbLXgfJmlo=
295,26,zUDI3SUAtGz47dQ5Pj0rjAqMHdI=,r+Cvuu7xBGxaQdHEbGbLXgfJmlo=
297,26,zUDI3SUAtGz47dQ5Pj0rjAqMHdI=,r+Cvuu7xBGxaQdHEbGbLXgfJmlo=
298,23,zUDI3SUAtGz47dQ5Pj0rjAqMHdI=,r+Cvuu7xBGxaQdHEbGbLXgfJmlo=
296,26,zUDI3SUAtGz47dQ5Pj0rjAqMHdI=,r+Cvuu7xBGxaQdHEbGbLXgfJmlo=
297,23,zUDI3SUAtGz47dQ5Pj0rjAqMHdI=,r+Cvuu7xBGxaQdHEbGbLXgfJmlo=
298,25,zUDI3SUAtGz47dQ5Pj0rjAqMHdI=,r+Cvuu7xBGxaQdHEbGbLXgfJmlo=
297,25,zUDI3SUAtGz47dQ5Pj0rjAqMHdI=,r+Cvuu7xBGxaQdHEbGbLXgfJmlo=
297,27,zUDI3SUAtGz47dQ5Pj0rjAqMHdI=,r+Cvuu7xBGxaQdHEbGbLXgfJmlo=
298,27,zUDI3SUAtGz47dQ5Pj0rjAqMHdI=,r+Cvuu7xBGxaQdHEbGbLXgfJmlo=
288,17,zUDI3SUAtGz47dQ5Pj0rjAqMHdI=,r+Cvuu7xBGxaQdHEbGbLXgfJmlo=
288,18,zUDI3SUAtGz47dQ5Pj0rjAqMHdI=,r+Cvuu7xBGxaQdHEbGbLXgfJmlo=
299,18,zUDI3SUAtGz47dQ5Pj0rjAqMHdI=,r+Cvuu7xBGxaQdHEbGbLXgfJmlo=
299,16,zUDI3SUAtGz47dQ5Pj0rjAqMHdI=,r+Cvuu7xBGxaQdHEbGbLXgfJmlo=
299,17,zUDI3SUAtGz47dQ5Pj0rjAqMHdI=,r+Cvuu7xBGxaQdHEbGbLXgfJmlo=
299,19,zUDI3SUAtGz47dQ5Pj0rjAqMHdI=,r+Cvuu7xBGxaQdHEbGbLXgfJmlo=
299,20,zUDI3SUAtGz47dQ5Pj0rjAqMHdI=,r+Cvuu7xBGxaQdHEbGbLXgfJmlo=
299,21,zUDI3SUAtGz47dQ5Pj0rjAqMHdI=,r+Cvuu7xBGxaQdHEbGbLXgfJmlo=
299,22,zUDI3SUAtGz47dQ5Pj0rjAqMHdI=,r+Cvuu7xBGxaQdHEbGbLXgfJmlo=
299,25,zUDI3SUAtGz47dQ5Pj0rjAqMHdI=,r+Cvuu7xBGxaQdHEbGbLXgfJmlo=
299,23,zUDI3SUAtGz47dQ5Pj0rjAqMHdI=,r+Cvuu7xBGxaQdHEbGbLXgfJmlo=
299,26,zUDI3SUAtGz47dQ5Pj0rjAqMHdI=,r+Cvuu7xBGxaQdHEbGbLXgfJmlo=
299,24,zUDI3SUAtGz47dQ5Pj0rjAqMHdI=,r+Cvuu7xBGxaQdHEbGbLXgfJmlo=
299,27,zUDI3SUAtGz47dQ5Pj0rjAqMHdI=,r+Cvuu7xBGxaQdHEbGbLXgfJmlo=
293,27,zUDI3SUAtGz47dQ5Pj0rjAqMHdI=,r+Cvuu7xBGxaQdHEbGbLXgfJmlo=
294,27,zUDI3SUAtGz47dQ5Pj0rjAqMHdI=,r+Cvuu7xBGxaQdHEbGbLXgfJmlo=
296,27,zUDI3SUAtGz47dQ5Pj0rjAqMHdI=,r+Cvuu7xBGxaQdHEbGbLXgfJmlo=
295,27,zUDI3SUAtGz47dQ5Pj0rjAqMHdI=,r+Cvuu7xBGxaQdHEbGbLXgfJmlo=
288,22,zUDI3SUAtGz47dQ5Pj0rjAqMHdI=,r+Cvuu7xBGxaQdHEbGbLXgfJmlo=
288,20,zUDI3SUAtGz47dQ5Pj0rjAqMHdI=,r+Cvuu7xBGxaQdHEbGbLXgfJmlo=
288,21,zUDI3SUAtGz47dQ5Pj0rjAqMHdI=,r+Cvuu7xBGxaQdHEbGbLXgfJmlo=
288,19,zUDI3SUAtGz47dQ5Pj0rjAqMHdI=,r+Cvuu7xBGxaQdHEbGbLXgfJmlo=
288,23,zUDI3SUAtGz47dQ5Pj0rjAqMHdI=,r+Cvuu7xBGxaQdHEbGbLXgfJmlo=
288,26,zUDI3SUAtGz47dQ5Pj0rjAqMHdI=,r+Cvuu7xBGxaQdHEbGbLXgfJmlo=
288,25,zUDI3SUAtGz47dQ5Pj0rjAqMHdI=,r+Cvuu7xBGxaQdHEbGbLXgfJmlo=
288,24,zUDI3SUAtGz47dQ5Pj0rjAqMHdI=,r+Cvuu7xBGxaQdHEbGbLXgfJmlo=
292,27,zUDI3SUAtGz47dQ5Pj0rjAqMHdI=,r+Cvuu7xBGxaQdHEbGbLXgfJmlo=
289,27,zUDI3SUAtGz47dQ5Pj0rjAqMHdI=,r+Cvuu7xBGxaQdHEbGbLXgfJmlo=
290,27,zUDI3SUAtGz47dQ5Pj0rjAqMHdI=,r+Cvuu7xBGxaQdHEbGbLXgfJmlo=
291,27,zUDI3SUAtGz47dQ5Pj0rjAqMHdI=,r+Cvuu7xBGxaQdHEbGbLXgfJmlo=
288,27,zUDI3SUAtGz47dQ5Pj0rjAqMHdI=,r+Cvuu7xBGxaQdHEbGbLXgfJmlo=
289,18,zUDI3SUAtGz47dQ5Pj0rjAqMHdI=,r+Cvuu7xBGxaQdHEbGbLXgfJmlo=
288,16,zUDI3SUAtGz47dQ5Pj0rjAqMHdI=,r+Cvuu7xBGxaQdHEbGbLXgfJmlo=
291,24,zUDI3SUAtGz47dQ5Pj0rjAqMHdI=,r+Cvuu7xBGxaQdHEbGbLXgfJmlo=
297,17,nkrh09CnSu8LPXIDO03IPRxa3XI=,r+Cvuu7xBGxaQdHEbGbLXgfJmlo=
289,16,nkrh09CnSu8LPXIDO03IPRxa3XI=,r+Cvuu7xBGxaQdHEbGbLXgfJmlo=
296,24,nkrh09CnSu8LPXIDO03IPRxa3XI=,r+Cvuu7xBGxaQdHEbGbLXgfJmlo=
297,21,nkrh09CnSu8LPXIDO03IPRxa3XI=,r+Cvuu7xBGxaQdHEbGbLXgfJmlo=
291,19,nkrh09CnSu8LPXIDO03IPRxa3XI=,r+Cvuu7xBGxaQdHEbGbLXgfJmlo=
289,17,nkrh09CnSu8LPXIDO03IPRxa3XI=,r+Cvuu7xBGxaQdHEbGbLXgfJmlo=
296,16,nkrh09CnSu8LPXIDO03IPRxa3XI=,r+Cvuu7xBGxaQdHEbGbLXgfJmlo=
292,24,nkrh09CnSu8LPXIDO03IPRxa3XI=,r+Cvuu7xBGxaQdHEbGbLXgfJmlo=
297,19,nkrh09CnSu8LPXIDO03IPRxa3XI=,r+Cvuu7xBGxaQdHEbGbLXgfJmlo=
291,21,nkrh09CnSu8LPXIDO03IPRxa3XI=,r+Cvuu7xBGxaQdHEbGbLXgfJmlo=
293,24,nkrh09CnSu8LPXIDO03IPRxa3XI=,r+Cvuu7xBGxaQdHEbGbLXgfJmlo=
297,18,nkrh09CnSu8LPXIDO03IPRxa3XI=,r+Cvuu7xBGxaQdHEbGbLXgfJmlo=
293,21,v/dykbegotUk/f4hkd/JbqDguz8=,r+Cvuu7xBGxaQdHEbGbLXgfJmlo=
291,23,v/dykbegotUk/f4hkd/JbqDguz8=,r+Cvuu7xBGxaQdHEbGbLXgfJmlo=
290,18,v/dykbegotUk/f4hkd/JbqDguz8=,r+Cvuu7xBGxaQdHEbGbLXgfJmlo=
292,18,v/dykbegotUk/f4hkd/JbqDguz8=,r+Cvuu7xBGxaQdHEbGbLXgfJmlo=
294,24,v/dykbegotUk/f4hkd/JbqDguz8=,r+Cvuu7xBGxaQdHEbGbLXgfJmlo=
296,21,v/dykbegotUk/f4hkd/JbqDguz8=,r+Cvuu7xBGxaQdHEbGbLXgfJmlo=
291,18,v/dykbegotUk/f4hkd/JbqDguz8=,r+Cvuu7xBGxaQdHEbGbLXgfJmlo=
291,20,v/dykbegotUk/f4hkd/JbqDguz8=,r+Cvuu7xBGxaQdHEbGbLXgfJmlo=
294,21,v/dykbegotUk/f4hkd/JbqDguz8=,r+Cvuu7xBGxaQdHEbGbLXgfJmlo=
297,20,v/dykbegotUk/f4hkd/JbqDguz8=,r+Cvuu7xBGxaQdHEbGbLXgfJmlo=
294,20,v/dykbegotUk/f4hkd/JbqDguz8=,r+Cvuu7xBGxaQdHEbGbLXgfJmlo=
296,17,v/dykbegotUk/f4hkd/JbqDguz8=,r+Cvuu7xBGxaQdHEbGbLXgfJmlo=
292,21,v/dykbegotUk/f4hkd/JbqDguz8=,r+Cvuu7xBGxaQdHEbGbLXgfJmlo=
293,20,v/dykbegotUk/f4hkd/JbqDguz8=,r+Cvuu7xBGxaQdHEbGbLXgfJmlo=
291,22,v/dykbegotUk/f4hkd/JbqDguz8=,r+Cvuu7xBGxaQdHEbGbLXgfJmlo=
295,21,v/dykbegotUk/f4hkd/JbqDguz8=,r+Cvuu7xBGxaQdHEbGbLXgfJmlo=
296,19,v/dykbegotUk/f4hkd/JbqDguz8=,r+Cvuu7xBGxaQdHEbGbLXgfJmlo=
292,20,v/dykbegotUk/f4hkd/JbqDguz8=,r+Cvuu7xBGxaQdHEbGbLXgfJmlo=
291,17,v/dykbegotUk/f4hkd/JbqDguz8=,r+Cvuu7xBGxaQdHEbGbLXgfJmlo=
295,16,wWprAaD4fpMaxAux2KGa0/+zlwU=,r+Cvuu7xBGxaQdHEbGbLXgfJmlo=
295,20,wWprAaD4fpMaxAux2KGa0/+zlwU=,r+Cvuu7xBGxaQdHEbGbLXgfJmlo=
295,24,wWprAaD4fpMaxAux2KGa0/+zlwU=,r+Cvuu7xBGxaQdHEbGbLXgfJmlo=
292,17,wWprAaD4fpMaxAux2KGa0/+zlwU=,r+Cvuu7xBGxaQdHEbGbLXgfJmlo=
294,23,wWprAaD4fpMaxAux2KGa0/+zlwU=,r+Cvuu7xBGxaQdHEbGbLXgfJmlo=
292,19,wWprAaD4fpMaxAux2KGa0/+zlwU=,r+Cvuu7xBGxaQdHEbGbLXgfJmlo=
294,22,wWprAaD4fpMaxAux2KGa0/+zlwU=,r+Cvuu7xBGxaQdHEbGbLXgfJmlo=
295,23,wWprAaD4fpMaxAux2KGa0/+zlwU=,r+Cvuu7xBGxaQdHEbGbLXgfJmlo=
295,19,wWprAaD4fpMaxAux2KGa0/+zlwU=,r+Cvuu7xBGxaQdHEbGbLXgfJmlo=
294,19,wWprAaD4fpMaxAux2KGa0/+zlwU=,r+Cvuu7xBGxaQdHEbGbLXgfJmlo=
293,16,wWprAaD4fpMaxAux2KGa0/+zlwU=,r+Cvuu7xBGxaQdHEbGbLXgfJmlo=
290,17,wWprAaD4fpMaxAux2KGa0/+zlwU=,r+Cvuu7xBGxaQdHEbGbLXgfJmlo=
294,17,wWprAaD4fpMaxAux2KGa0/+zlwU=,r+Cvuu7xBGxaQdHEbGbLXgfJmlo=
293,22,wWprAaD4fpMaxAux2KGa0/+zlwU=,r+Cvuu7xBGxaQdHEbGbLXgfJmlo=
293,17,wWprAaD4fpMaxAux2KGa0/+zlwU=,r+Cvuu7xBGxaQdHEbGbLXgfJmlo=
292,16,wWprAaD4fpMaxAux2KGa0/+zlwU=,r+Cvuu7xBGxaQdHEbGbLXgfJmlo=
290,16,wWprAaD4fpMaxAux2KGa0/+zlwU=,r+Cvuu7xBGxaQdHEbGbLXgfJmlo=
296,23,wWprAaD4fpMaxAux2KGa0/+zlwU=,r+Cvuu7xBGxaQdHEbGbLXgfJmlo=
296,22,wWprAaD4fpMaxAux2KGa0/+zlwU=,r+Cvuu7xBGxaQdHEbGbLXgfJmlo=
291,16,wWprAaD4fpMaxAux2KGa0/+zlwU=,r+Cvuu7xBGxaQdHEbGbLXgfJmlo=
292,23,wWprAaD4fpMaxAux2KGa0/+zlwU=,r+Cvuu7xBGxaQdHEbGbLXgfJmlo=
295,22,wWprAaD4fpMaxAux2KGa0/+zlwU=,r+Cvuu7xBGxaQdHEbGbLXgfJmlo=
293,19,wWprAaD4fpMaxAux2KGa0/+zlwU=,r+Cvuu7xBGxaQdHEbGbLXgfJmlo=
292,22,wWprAaD4fpMaxAux2KGa0/+zlwU=,r+Cvuu7xBGxaQdHEbGbLXgfJmlo=
294,16,wWprAaD4fpMaxAux2KGa0/+zlwU=,r+Cvuu7xBGxaQdHEbGbLXgfJmlo=
296,20,wWprAaD4fpMaxAux2KGa0/+zlwU=,r+Cvuu7xBGxaQdHEbGbLXgfJmlo=
295,17,wWprAaD4fpMaxAux2KGa0/+zlwU=,r+Cvuu7xBGxaQdHEbGbLXgfJmlo=
296,18,wWprAaD4fpMaxAux2KGa0/+zlwU=,r+Cvuu7xBGxaQdHEbGbLXgfJmlo=
293,23,wWprAaD4fpMaxAux2KGa0/+zlwU=,r+Cvuu7xBGxaQdHEbGbLXgfJmlo=
293,18,wWprAaD4fpMaxAux2KGa0/+zlwU=,r+Cvuu7xBGxaQdHEbGbLXgfJmlo=
294,18,wWprAaD4fpMaxAux2KGa0/+zlwU=,r+Cvuu7xBGxaQdHEbGbLXgfJmlo=
295,18,eWiGOqasJe02mgYo76pNNuq55wY=,r+Cvuu7xBGxaQdHEbGbLXgfJmlo=
