12,7,anYrpKsy3V4BMNapjNyGb4lFv6Y=,sY/a9LIP9q9AeoZSP30+PRORr7c=
15,1,anYrpKsy3V4BMNapjNyGb4lFv6Y=,sY/a9LIP9q9AeoZSP30+PRORr7c=
11,3,anYrpKsy3V4BMNapjNyGb4lFv6Y=,sY/a9LIP9q9AeoZSP30+PRORr7c=
11,7,anYrpKsy3V4BMNapjNyGb4lFv6Y=,sY/a9LIP9q9AeoZSP30+PRORr7c=
15,4,anYrpKsy3V4BMNapjNyGb4lFv6Y=,sY/a9LIP9q9AeoZSP30+PRORr7c=
14,0,anYrpKsy3V4BMNapjNyGb4lFv6Y=,sY/a9LIP9q9AeoZSP30+PRORr7c=
14,1,anYrpKsy3V4BMNapjNyGb4lFv6Y=,sY/a9LIP9q9AeoZSP30+PRORr7c=
13,0,anYrpKsy3V4BMNapjNyGb4lFv6Y=,sY/a9LIP9q9AeoZSP30+PRORr7c=
14,4,anYrpKsy3V4BMNapjNyGb4lFv6Y=,sY/a9LIP9q9AeoZSP30+PRORr7c=
10,3,anYrpKsy3V4BMNapjNyGb4lFv6Y=,sY/a9LIP9q9AeoZSP30+PRORr7c=
13,4,anYrpKsy3V4BMNapjNyGb4lFv6Y=,sY/a9LIP9q9AeoZSP30+PRORr7c=
12,4,anYrpKsy3V4BMNapjNyGb4lFv6Y=,sY/a9LIP9q9AeoZSP30+PRORr7c=
12,0,anYrpKsy3V4BMNapjNyGb4lFv6Y=,sY/a9LIP9q9AeoZSP30+PRORr7c=
10,7,anYrpKsy3V4BMNapjNyGb4lFv6Y=,sY/a9LIP9q9AeoZSP30+PRORr7c=
13,1,anYrpKsy3V4BMNapjNyGb4lFv6Y=,sY/a9LIP9q9AeoZSP30+PRORr7c=
12,1,anYrpKsy3V4BMNapjNyGb4lFv6Y=,sY/a9LIP9q9AeoZSP30+PRORr7c=
9,3,anYrpKsy3V4BMNapjNyGb4lFv6Y=,sY/a9LIP9q9AeoZSP30+PRORr7c=
15,2,anYrpKsy3V4BMNapjNyGb4lFv6Y=,sY/a9LIP9q9AeoZSP30+PRORr7c=
9,7,anYrpKsy3V4BMNapjNyGb4lFv6Y=,sY/a9LIP9q9AeoZSP30+PRORr7c=
11,0,anYrpKsy3V4BMNapjNyGb4lFv6Y=,sY/a9LIP9q9AeoZSP30+PRORr7c=
14,2,anYrpKsy3V4BMNapjNyGb4lFv6Y=,sY/a9LIP9q9AeoZSP30+PRORr7c=
10,0,anYrpKsy3V4BMNapjNyGb4lFv6Y=,sY/a9LIP9q9AeoZSP30+PRORr7c=
13,2,anYrpKsy3V4BMNapjNyGb4lFv6Y=,sY/a9LIP9q9AeoZSP30+PRORr7c=
12,2,anYrpKsy3V4BMNapjNyGb4lFv6Y=,sY/a9LIP9q9AeoZSP30+PRORr7c=
11,2,anYrpKsy3V4BMNapjNyGb4lFv6Y=,sY/a9LIP9q9AeoZSP30+PRORr7c=
10,2,anYrpKsy3V4BMNapjNyGb4lFv6Y=,sY/a9LIP9q9AeoZSP30+PRORr7c=
9,2,anYrpKsy3V4BMNapjNyGb4lFv6Y=,sY/a9LIP9q9AeoZSP30+PRORr7c=
15,6,anYrpKsy3V4BMNapjNyGb4lFv6Y=,sY/a9LIP9q9AeoZSP30+PRORr7c=
11,1,anYrpKsy3V4BMNapjNyGb4lFv6Y=,sY/a9LIP9q9AeoZSP30+PRORr7c=
14,6,anYrpKsy3V4BMNapjNyGb4lFv6Y=,sY/a9LIP9q9AeoZSP30+PRORr7c=
9,0,anYrpKsy3V4BMNapjNyGb4lFv6Y=,sY/a9LIP9q9AeoZSP30+PRORr7c=
13,6,anYrpKsy3V4BMNapjNyGb4lFv6Y=,sY/a9LIP9q9AeoZSP30+PRORr7c=
11,4,anYrpKsy3V4BMNapjNyGb4lFv6Y=,sY/a9LIP9q9AeoZSP30+PRORr7c=
12,6,anYrpKsy3V4BMNapjNyGb4lFv6Y=,sY/a9LIP9q9AeoZSP30+PRORr7c=
10,4,anYrpKsy3V4BMNapjNyGb4lFv6Y=,sY/a9LIP9q9AeoZSP30+PRORr7c=
11,6,anYrpKsy3V4BMNapjNyGb4lFv6Y=,sY/a9LIP9q9AeoZSP30+PRORr7c=
10,6,anYrpKsy3V4BMNapjNyGb4lFv6Y=,sY/a9LIP9q9AeoZSP30+PRORr7c=
15,5,anYrpKsy3V4BMNapjNyGb4lFv6Y=,sY/a9LIP9q9AeoZSP30+PRORr7c=
15,0,anYrpKsy3V4BMNapjNyGb4lFv6Y=,sY/a9LIP9q9AeoZSP30+PRORr7c=
9,4,anYrpKsy3V4BMNapjNyGb4lFv6Y=,sY/a9LIP9q9AeoZSP30+PRORr7c=
14,5,anYrpKsy3V4BMNapjNyGb4lFv6Y=,sY/a9LIP9q9AeoZSP30+PRORr7c=
13,5,anYrpKsy3V4BMNapjNyGb4lFv6Y=,sY/a9LIP9q9AeoZSP30+PRORr7c=
10,1,anYrpKsy3V4BMNapjNyGb4lFv6Y=,sY/a9LIP9q9AeoZSP30+PRORr7c=
15,3,anYrpKsy3V4BMNapjNyGb4lFv6Y=,sY/a9LIP9q9AeoZSP30+PRORr7c=
12,5,anYrpKsy3V4BMNapjNyGb4lFv6Y=,sY/a9LIP9q9AeoZSP30+PRORr7c=
14,3,anYrpKsy3V4BMNapjNyGb4lFv6Y=,sY/a9LIP9q9AeoZSP30+PRORr7c=
9,1,anYrpKsy3V4BMNapjNyGb4lFv6Y=,sY/a9LIP9q9AeoZSP30+PRORr7c=
11,5,anYrpKsy3V4BMNapjNyGb4lFv6Y=,sY/a9LIP9q9AeoZSP30+PRORr7c=
13,3,anYrpKsy3V4BMNapjNyGb4lFv6Y=,sY/a9LIP9q9AeoZSP30+PRORr7c=
10,5,anYrpKsy3V4BMNapjNyGb4lFv6Y=,sY/a9LIP9q9AeoZSP30+PRORr7c=
9,5,anYrpKsy3V4BMNapjNyGb4lFv6Y=,sY/a9LIP9q9AeoZSP30+PRORr7c=
12,3,anYrpKsy3V4BMNapjNyGb4lFv6Y=,sY/a9LIP9q9AeoZSP30+PRORr7c=
14,7,anYrpKsy3V4BMNapjNyGb4lFv6Y=,sY/a9LIP9q9AeoZSP30+PRORr7c=
13,7,anYrpKsy3V4BMNapjNyGb4lFv6Y=,sY/a9LIP9q9AeoZSP30+PRORr7c=
9,6,anYrpKsy3V4BMNapjNyGb4lFv6Y=,sY/a9LIP9q9AeoZSP30+PRORr7c=
15,7,anYrpKsy3V4BMNapjNyGb4lFv6Y=,sY/a9LIP9q9AeoZSP30+PRORr7c=
7,3,anYrpKsy3V4BMNapjNyGb4lFv6Y=,sY/a9LIP9q9AeoZSP30+PRORr7c=
6,4,anYrpKsy3V4BMNapjNyGb4lFv6Y=,sY/a9LIP9q9AeoZSP30+PRORr7c=
7,4,anYrpKsy3V4BMNapjNyGb4lFv6Y=,sY/a9LIP9q9AeoZSP30+PRORr7c=
3,7,anYrpKsy3V4BMNapjNyGb4lFv6Y=,sY/a9LIP9q9AeoZSP30+PRORr7c=
7,5,anYrpKsy3V4BMNapjNyGb4lFv6Y=,sY/a9LIP9q9AeoZSP30+PRORr7c=
2,7,anYrpKsy3V4BMNapjNyGb4lFv6Y=,sY/a9LIP9q9AeoZSP30+PRORr7c=
6,5,anYrpKsy3V4BMNapjNyGb4lFv6Y=,sY/a9LIP9q9AeoZSP30+PRORr7c=
5,4,anYrpKsy3V4BMNapjNyGb4lFv6Y=,sY/a9LIP9q9AeoZSP30+PRORr7c=
1,7,anYrpKsy3V4BMNapjNyGb4lFv6Y=,sY/a9LIP9q9AeoZSP30+PRORr7c=
5,3,anYrpKsy3V4BMNapjNyGb4lFv6Y=,sY/a9LIP9q9AeoZSP30+PRORr7c=
3,5,anYrpKsy3V4BMNapjNyGb4lFv6Y=,sY/a9LIP9q9AeoZSP30+PRORr7c=
6,3,anYrpKsy3V4BMNapjNyGb4lFv6Y=,sY/a9LIP9q9AeoZSP30+PRORr7c=
4,0,anYrpKsy3V4BMNapjNyGb4lFv6Y=,sY/a9LIP9q9AeoZSP30+PRORr7c=
0,7,anYrpKsy3V4BMNapjNyGb4lFv6Y=,sY/a9LIP9q9AeoZSP30+PRORr7c=
4,4,anYrpKsy3V4BMNapjNyGb4lFv6Y=,sY/a9LIP9q9AeoZSP30+PRORr7c=
8,3,anYrpKsy3V4BMNapjNyGb4lFv6Y=,sY/a9LIP9q9AeoZSP30+PRORr7c=
8,7,anYrpKsy3V4BMNapjNyGb4lFv6Y=,sY/a9LIP9q9AeoZSP30+PRORr7c=
2,4,anYrpKsy3V4BMNapjNyGb4lFv6Y=,sY/a9LIP9q9AeoZSP30+PRORr7c=
7,6,anYrpKsy3V4BMNapjNyGb4lFv6Y=,sY/a9LIP9q9AeoZSP30+PRORr7c=
1,4,anYrpKsy3V4BMNapjNyGb4lFv6Y=,sY/a9LIP9q9AeoZSP30+PRORr7c=
8,2,anYrpKsy3V4BMNapjNyGb4lFv6Y=,sY/a9LIP9q9AeoZSP30+PRORr7c=
7,0,anYrpKsy3V4BMNapjNyGb4lFv6Y=,sY/a9LIP9q9AeoZSP30+PRORr7c=
3,2,anYrpKsy3V4BMNapjNyGb4lFv6Y=,sY/a9LIP9q9AeoZSP30+PRORr7c=
6,6,anYrpKsy3V4BMNapjNyGb4lFv6Y=,sY/a9LIP9q9AeoZSP30+PRORr7c=
4,3,anYrpKsy3V4BMNapjNyGb4lFv6Y=,sY/a9LIP9q9AeoZSP30+PRORr7c=
2,5,anYrpKsy3V4BMNapjNyGb4lFv6Y=,sY/a9LIP9q9AeoZSP30+PRORr7c=
5,6,anYrpKsy3V4BMNapjNyGb4lFv6Y=,sY/a9LIP9q9AeoZSP30+PRORr7c=
1,5,anYrpKsy3V4BMNapjNyGb4lFv6Y=,sY/a9LIP9q9AeoZSP30+PRORr7c=
5,0,anYrpKsy3V4BMNapjNyGb4lFv6Y=,sY/a9LIP9q9AeoZSP30+PRORr7c=
7,1,anYrpKsy3V4BMNapjNyGb4lFv6Y=,sY/a9LIP9q9AeoZSP30+PRORr7c=
0,4,anYrpKsy3V4BMNapjNyGb4lFv6Y=,sY/a9LIP9q9AeoZSP30+PRORr7c=
3,3,anYrpKsy3V4BMNapjNyGb4lFv6Y=,sY/a9LIP9q9AeoZSP30+PRORr7c=
3,0,anYrpKsy3V4BMNapjNyGb4lFv6Y=,sY/a9LIP9q9AeoZSP30+PRORr7c=
8,6,anYrpKsy3V4BMNapjNyGb4lFv6Y=,sY/a9LIP9q9AeoZSP30+PRORr7c=
8,0,anYrpKsy3V4BMNapjNyGb4lFv6Y=,sY/a9LIP9q9AeoZSP30+PRORr7c=
2,3,anYrpKsy3V4BMNapjNyGb4lFv6Y=,sY/a9LIP9q9AeoZSP30+PRORr7c=
5,5,anYrpKsy3V4BMNapjNyGb4lFv6Y=,sY/a9LIP9q9AeoZSP30+PRORr7c=
3,1,anYrpKsy3V4BMNapjNyGb4lFv6Y=,sY/a9LIP9q9AeoZSP30+PRORr7c=
4,5,anYrpKsy3V4BMNapjNyGb4lFv6Y=,sY/a9LIP9q9AeoZSP30+PRORr7c=
2,0,anYrpKsy3V4BMNapjNyGb4lFv6Y=,sY/a9LIP9q9AeoZSP30+PRORr7c=
4,6,anYrpKsy3V4BMNapjNyGb4lFv6Y=,sY/a9LIP9q9AeoZSP30+PRORr7c=
7,7,anYrpKsy3V4BMNapjNyGb4lFv6Y=,sY/a9LIP9q9AeoZSP30+PRORr7c=
8,4,anYrpKsy3V4BMNapjNyGb4lFv6Y=,sY/a9LIP9q9AeoZSP30+PRORr7c=
1,3,anYrpKsy3V4BMNapjNyGb4lFv6Y=,sY/a9LIP9q9AeoZSP30+PRORr7c=
0,3,anYrpKsy3V4BMNapjNyGb4lFv6Y=,sY/a9LIP9q9AeoZSP30+PRORr7c=
3,6,anYrpKsy3V4BMNapjNyGb4lFv6Y=,sY/a9LIP9q9AeoZSP30+PRORr7c=
6,1,anYrpKsy3V4BMNapjNyGb4lFv6Y=,sY/a9LIP9q9AeoZSP30+PRORr7c=
0,5,anYrpKsy3V4BMNapjNyGb4lFv6Y=,sY/a9LIP9q9AeoZSP30+PRORr7c=
7,2,anYrpKsy3V4BMNapjNyGb4lFv6Y=,sY/a9LIP9q9AeoZSP30+PRORr7c=
5,7,anYrpKsy3V4BMNapjNyGb4lFv6Y=,sY/a9LIP9q9AeoZSP30+PRORr7c=
6,7,anYrpKsy3V4BMNapjNyGb4lFv6Y=,sY/a9LIP9q9AeoZSP30+PRORr7c=
2,1,anYrpKsy3V4BMNapjNyGb4lFv6Y=,sY/a9LIP9q9AeoZSP30+PRORr7c=
2,6,anYrpKsy3V4BMNapjNyGb4lFv6Y=,sY/a9LIP9q9AeoZSP30+PRORr7c=
5,1,anYrpKsy3V4BMNapjNyGb4lFv6Y=,sY/a9LIP9q9AeoZSP30+PRORr7c=
1,6,anYrpKsy3V4BMNapjNyGb4lFv6Y=,sY/a9LIP9q9AeoZSP30+PRORr7c=
5,2,anYrpKsy3V4BMNapjNyGb4lFv6Y=,sY/a9LIP9q9AeoZSP30+PRORr7c=
6,2,anYrpKsy3V4BMNapjNyGb4lFv6Y=,sY/a9LIP9q9AeoZSP30+PRORr7c=
2,2,anYrpKsy3V4BMNapjNyGb4lFv6Y=,sY/a9LIP9q9AeoZSP30+PRORr7c=
4,2,anYrpKsy3V4BMNapjNyGb4lFv6Y=,sY/a9LIP9q9AeoZSP30+PRORr7c=
1,2,anYrpKsy3V4BMNapjNyGb4lFv6Y=,sY/a9LIP9q9AeoZSP30+PRORr7c=
6,0,anYrpKsy3V4BMNapjNyGb4lFv6Y=,sY/a9LIP9q9AeoZSP30+PRORr7c=
0,2,anYrpKsy3V4BMNapjNyGb4lFv6Y=,sY/a9LIP9q9AeoZSP30+PRORr7c=
8,1,anYrpKsy3V4BMNapjNyGb4lFv6Y=,sY/a9LIP9q9AeoZSP30+PRORr7c=
4,1,anYrpKsy3V4BMNapjNyGb4lFv6Y=,sY/a9LIP9q9AeoZSP30+PRORr7c=
0,6,anYrpKsy3V4BMNapjNyGb4lFv6Y=,sY/a9LIP9q9AeoZSP30+PRORr7c=
8,5,anYrpKsy3V4BMNapjNyGb4lFv6Y=,sY/a9LIP9q9AeoZSP30+PRORr7c=
3,4,anYrpKsy3V4BMNapjNyGb4lFv6Y=,sY/a9LIP9q9AeoZSP30+PRORr7c=
4,7,anYrpKsy3V4BMNapjNyGb4lFv6Y=,sY/a9LIP9q9AeoZSP30+PRORr7c=
1,1,anYrpKsy3V4BMNapjNyGb4lFv6Y=,sY/a9LIP9q9AeoZSP30+PRORr7c=
1,0,anYrpKsy3V4BMNapjNyGb4lFv6Y=,sY/a9LIP9q9AeoZSP30+PRORr7c=
0,1,anYrpKsy3V4BMNapjNyGb4lFv6Y=,sY/a9LIP9q9AeoZSP30+PRORr7c=
0,0,anYrpKsy3V4BMNapjNyGb4lFv6Y=,sY/a9LIP9q9AeoZSP30+PRORr7c=
8,27,l1eIETnvZ1QoEjyVw+b0zRs2EME=,sY/a9LIP9q9AeoZSP30+PRORr7c=
9,28,l1eIETnvZ1QoEjyVw+b0zRs2EME=,sY/a9LIP9q9AeoZSP30+PRORr7c=
9,24,l1eIETnvZ1QoEjyVw+b0zRs2EME=,sY/a9LIP9q9AeoZSP30+PRORr7c=
15,26,l1eIETnvZ1QoEjyVw+b0zRs2EME=,sY/a9LIP9q9AeoZSP30+PRORr7c=
8,24,l1eIETnvZ1QoEjyVw+b0zRs2EME=,sY/a9LIP9q9AeoZSP30+PRORr7c=
15,30,l1eIETnvZ1QoEjyVw+b0zRs2EME=,sY/a9LIP9q9AeoZSP30+PRORr7c=
13,29,l1eIETnvZ1QoEjyVw+b0zRs2EME=,sY/a9LIP9q9AeoZSP30+PRORr7c=
14,26,l1eIETnvZ1QoEjyVw+b0zRs2EME=,sY/a9LIP9q9AeoZSP30+PRORr7c=
15,27,l1eIETnvZ1QoEjyVw+b0zRs2EME=,sY/a9LIP9q9AeoZSP30+PRORr7c=
14,30,l1eIETnvZ1QoEjyVw+b0zRs2EME=,sY/a9LIP9q9AeoZSP30+PRORr7c=
13,25,l1eIETnvZ1QoEjyVw+b0zRs2EME=,sY/a9LIP9q9AeoZSP30+PRORr7c=
11,25,l1eIETnvZ1QoEjyVw+b0zRs2EME=,sY/a9LIP9q9AeoZSP30+PRORr7c=
10,25,l1eIETnvZ1QoEjyVw+b0zRs2EME=,sY/a9LIP9q9AeoZSP30+PRORr7c=
12,25,l1eIETnvZ1QoEjyVw+b0zRs2EME=,sY/a9LIP9q9AeoZSP30+PRORr7c=
9,25,l1eIETnvZ1QoEjyVw+b0zRs2EME=,sY/a9LIP9q9AeoZSP30+PRORr7c=
8,25,l1eIETnvZ1QoEjyVw+b0zRs2EME=,sY/a9LIP9q9AeoZSP30+PRORr7c=
13,26,l1eIETnvZ1QoEjyVw+b0zRs2EME=,sY/a9LIP9q9AeoZSP30+PRORr7c=
14,27,l1eIETnvZ1QoEjyVw+b0zRs2EME=,sY/a9LIP9q9AeoZSP30+PRORr7c=
15,24,l1eIETnvZ1QoEjyVw+b0zRs2EME=,sY/a9LIP9q9AeoZSP30+PRORr7c=
13,27,l1eIETnvZ1QoEjyVw+b0zRs2EME=,sY/a9LIP9q9AeoZSP30+PRORr7c=
11,24,l1eIETnvZ1QoEjyVw+b0zRs2EME=,sY/a9LIP9q9AeoZSP30+PRORr7c=
13,30,l1eIETnvZ1QoEjyVw+b0zRs2EME=,sY/a9LIP9q9AeoZSP30+PRORr7c=
14,24,l1eIETnvZ1QoEjyVw+b0zRs2EME=,sY/a9LIP9q9AeoZSP30+PRORr7c=
12,30,l1eIETnvZ1QoEjyVw+b0zRs2EME=,sY/a9LIP9q9AeoZSP30+PRORr7c=
12,26,l1eIETnvZ1QoEjyVw+b0zRs2EME=,sY/a9LIP9q9AeoZSP30+PRORr7c=
11,26,l1eIETnvZ1QoEjyVw+b0zRs2EME=,sY/a9LIP9q9AeoZSP30+PRORr7c=
10,26,l1eIETnvZ1QoEjyVw+b0zRs2EME=,sY/a9LIP9q9AeoZSP30+PRORr7c=
10,24,l1eIETnvZ1QoEjyVw+b0zRs2EME=,sY/a9LIP9q9AeoZSP30+PRORr7c=
8,28,l1eIETnvZ1QoEjyVw+b0zRs2EME=,sY/a9LIP9q9AeoZSP30+PRORr7c=
12,27,l1eIETnvZ1QoEjyVw+b0zRs2EME=,sY/a9LIP9q9AeoZSP30+PRORr7c=
9,26,l1eIETnvZ1QoEjyVw+b0zRs2EME=,sY/a9LIP9q9AeoZSP30+PRORr7c=
12,29,l1eIETnvZ1QoEjyVw+b0zRs2EME=,sY/a9LIP9q9AeoZSP30+PRORr7c=
13,24,l1eIETnvZ1QoEjyVw+b0zRs2EME=,sY/a9LIP9q9AeoZSP30+PRORr7c=
11,28,l1eIETnvZ1QoEjyVw+b0zRs2EME=,sY/a9LIP9q9AeoZSP30+PRORr7c=
11,29,l1eIETnvZ1QoEjyVw+b0zRs2EME=,sY/a9LIP9q9AeoZSP30+PRORr7c=
10,29,l1eIETnvZ1QoEjyVw+b0zRs2EME=,sY/a9LIP9q9AeoZSP30+PRORr7c=
11,27,l1eIETnvZ1QoEjyVw+b0zRs2EME=,sY/a9LIP9q9AeoZSP30+PRORr7c=
9,29,l1eIETnvZ1QoEjyVw+b0zRs2EME=,sY/a9LIP9q9AeoZSP30+PRORr7c=
8,29,l1eIETnvZ1QoEjyVw+b0zRs2EME=,sY/a9LIP9q9AeoZSP30+PRORr7c=
15,28,l1eIETnvZ1QoEjyVw+b0zRs2EME=,sY/a9LIP9q9AeoZSP30+PRORr7c=
14,28,l1eIETnvZ1QoEjyVw+b0zRs2EME=,sY/a9LIP9q9AeoZSP30+PRORr7c=
11,30,l1eIETnvZ1QoEjyVw+b0zRs2EME=,sY/a9LIP9q9AeoZSP30+PRORr7c=
10,30,l1eIETnvZ1QoEjyVw+b0zRs2EME=,sY/a9LIP9q9AeoZSP30+PRORr7c=
8,26,l1eIETnvZ1QoEjyVw+b0zRs2EME=,sY/a9LIP9q9AeoZSP30+PRORr7c=
9,30,l1eIETnvZ1QoEjyVw+b0zRs2EME=,sY/a9LIP9q9AeoZSP30+PRORr7c=
8,30,l1eIETnvZ1QoEjyVw+b0zRs2EME=,sY/a9LIP9q9AeoZSP30+PRORr7c=
12,24,l1eIETnvZ1QoEjyVw+b0zRs2EME=,sY/a9LIP9q9AeoZSP30+PRORr7c=
15,29,l1eIETnvZ1QoEjyVw+b0zRs2EME=,sY/a9LIP9q9AeoZSP30+PRORr7c=
10,28,l1eIETnvZ1QoEjyVw+b0zRs2EME=,sY/a9LIP9q9AeoZSP30+PRORr7c=
10,27,l1eIETnvZ1QoEjyVw+b0zRs2EME=,sY/a9LIP9q9AeoZSP30+PRORr7c=
15,25,l1eIETnvZ1QoEjyVw+b0zRs2EME=,sY/a9LIP9q9AeoZSP30+PRORr7c=
13,28,l1eIETnvZ1QoEjyVw+b0zRs2EME=,sY/a9LIP9q9AeoZSP30+PRORr7c=
14,29,l1eIETnvZ1QoEjyVw+b0zRs2EME=,sY/a9LIP9q9AeoZSP30+PRORr7c=
12,28,l1eIETnvZ1QoEjyVw+b0zRs2EME=,sY/a9LIP9q9AeoZSP30+PRORr7c=
9,27,l1eIETnvZ1QoEjyVw+b0zRs2EME=,sY/a9LIP9q9AeoZSP30+PRORr7c=
14,25,l1eIETnvZ1QoEjyVw+b0zRs2EME=,sY/a9LIP9q9AeoZSP30+PRORr7c=
15,31,l1eIETnvZ1QoEjyVw+b0zRs2EME=,sY/a9LIP9q9AeoZSP30+PRORr7c=
14,31,l1eIETnvZ1QoEjyVw+b0zRs2EME=,sY/a9LIP9q9AeoZSP30+PRORr7c=
13,31,l1eIETnvZ1QoEjyVw+b0zRs2EME=,sY/a9LIP9q9AeoZSP30+PRORr7c=
8,31,l1eIETnvZ1QoEjyVw+b0zRs2EME=,sY/a9LIP9q9AeoZSP30+PRORr7c=
12,31,l1eIETnvZ1QoEjyVw+b0zRs2EME=,sY/a9LIP9q9AeoZSP30+PRORr7c=
11,31,l1eIETnvZ1QoEjyVw+b0zRs2EME=,sY/a9LIP9q9AeoZSP30+PRORr7c=
10,31,l1eIETnvZ1QoEjyVw+b0zRs2EME=,sY/a9LIP9q9AeoZSP30+PRORr7c=
9,31,l1eIETnvZ1QoEjyVw+b0zRs2EME=,sY/a9LIP9q9AeoZSP30+PRORr7c=
20,27,at986BlbobGQD9zo5rwmTFK5oB0=,sY/a9LIP9q9AeoZSP30+PRORr7c=
19,24,at986BlbobGQD9zo5rwmTFK5oB0=,sY/a9LIP9q9AeoZSP30+PRORr7c=
17,24,at986BlbobGQD9zo5rwmTFK5oB0=,sY/a9LIP9q9AeoZSP30+PRORr7c=
19,27,at986BlbobGQD9zo5rwmTFK5oB0=,sY/a9LIP9q9AeoZSP30+PRORr7c=
18,27,at986BlbobGQD9zo5rwmTFK5oB0=,sY/a9LIP9q9AeoZSP30+PRORr7c=
23,30,at986BlbobGQD9zo5rwmTFK5oB0=,sY/a9LIP9q9AeoZSP30+PRORr7c=
17,27,at986BlbobGQD9zo5rwmTFK5oB0=,sY/a9LIP9q9AeoZSP30+PRORr7c=
16,26,at986BlbobGQD9zo5rwmTFK5oB0=,sY/a9LIP9q9AeoZSP30+PRORr7c=
17,26,at986BlbobGQD9zo5rwmTFK5oB0=,sY/a9LIP9q9AeoZSP30+PRORr7c=
23,29,at986BlbobGQD9zo5rwmTFK5oB0=,sY/a9LIP9q9AeoZSP30+PRORr7c=
22,30,at986BlbobGQD9zo5rwmTFK5oB0=,sY/a9LIP9q9AeoZSP30+PRORr7c=
22,29,at986BlbobGQD9zo5rwmTFK5oB0=,sY/a9LIP9q9AeoZSP30+PRORr7c=
20,29,at986BlbobGQD9zo5rwmTFK5oB0=,sY/a9LIP9q9AeoZSP30+PRORr7c=
19,29,at986BlbobGQD9zo5rwmTFK5oB0=,sY/a9LIP9q9AeoZSP30+PRORr7c=
18,29,at986BlbobGQD9zo5rwmTFK5oB0=,sY/a9LIP9q9AeoZSP30+PRORr7c=
17,29,at986BlbobGQD9zo5rwmTFK5oB0=,sY/a9LIP9q9AeoZSP30+PRORr7c=
23,24,at986BlbobGQD9zo5rwmTFK5oB0=,sY/a9LIP9q9AeoZSP30+PRORr7c=
23,25,at986BlbobGQD9zo5rwmTFK5oB0=,sY/a9LIP9q9AeoZSP30+PRORr7c=
21,28,at986BlbobGQD9zo5rwmTFK5oB0=,sY/a9LIP9q9AeoZSP30+PRORr7c=
21,29,at986BlbobGQD9zo5rwmTFK5oB0=,sY/a9LIP9q9AeoZSP30+PRORr7c=
22,25,at986BlbobGQD9zo5rwmTFK5oB0=,sY/a9LIP9q9AeoZSP30+PRORr7c=
20,28,at986BlbobGQD9zo5rwmTFK5oB0=,sY/a9LIP9q9AeoZSP30+PRORr7c=
21,24,at986BlbobGQD9zo5rwmTFK5oB0=,sY/a9LIP9q9AeoZSP30+PRORr7c=
19,28,at986BlbobGQD9zo5rwmTFK5oB0=,sY/a9LIP9q9AeoZSP30+PRORr7c=
21,25,at986BlbobGQD9zo5rwmTFK5oB0=,sY/a9LIP9q9AeoZSP30+PRORr7c=
18,28,at986BlbobGQD9zo5rwmTFK5oB0=,sY/a9LIP9q9AeoZSP30+PRORr7c=
20,25,at986BlbobGQD9zo5rwmTFK5oB0=,sY/a9LIP9q9AeoZSP30+PRORr7c=
17,28,at986BlbobGQD9zo5rwmTFK5oB0=,sY/a9LIP9q9AeoZSP30+PRORr7c=
20,24,at986BlbobGQD9zo5rwmTFK5oB0=,sY/a9LIP9q9AeoZSP30+PRORr7c=
16,28,at986BlbobGQD9zo5rwmTFK5oB0=,sY/a9LIP9q9AeoZSP30+PRORr7c=
23,27,at986BlbobGQD9zo5rwmTFK5oB0=,sY/a9LIP9q9AeoZSP30+PRORr7c=
20,30,at986BlbobGQD9zo5rwmTFK5oB0=,sY/a9LIP9q9AeoZSP30+PRORr7c=
16,29,at986BlbobGQD9zo5rwmTFK5oB0=,sY/a9LIP9q9AeoZSP30+PRORr7c=
19,30,at986BlbobGQD9zo5rwmTFK5oB0=,sY/a9LIP9q9AeoZSP30+PRORr7c=
21,30,at986BlbobGQD9zo5rwmTFK5oB0=,sY/a9LIP9q9AeoZSP30+PRORr7c=
22,24,at986BlbobGQD9zo5rwmTFK5oB0=,sY/a9LIP9q9AeoZSP30+PRORr7c=
18,24,at986BlbobGQD9zo5rwmTFK5oB0=,sY/a9LIP9q9AeoZSP30+PRORr7c=
18,25,at986BlbobGQD9zo5rwmTFK5oB0=,sY/a9LIP9q9AeoZSP30+PRORr7c=
19,25,at986BlbobGQD9zo5rwmTFK5oB0=,sY/a9LIP9q9AeoZSP30+PRORr7c=
23,28,at986BlbobGQD9zo5rwmTFK5oB0=,sY/a9LIP9q9AeoZSP30+PRORr7c=
22,27,at986BlbobGQD9zo5rwmTFK5oB0=,sY/a9LIP9q9AeoZSP30+PRORr7c=
16,27,at986BlbobGQD9zo5rwmTFK5oB0=,sY/a9LIP9q9AeoZSP30+PRORr7c=
16,24,at986BlbobGQD9zo5rwmTFK5oB0=,sY/a9LIP9q9AeoZSP30+PRORr7c=
23,26,at986BlbobGQD9zo5rwmTFK5oB0=,sY/a9LIP9q9AeoZSP30+PRORr7c=
22,26,at986BlbobGQD9zo5rwmTFK5oB0=,sY/a9LIP9q9AeoZSP30+PRORr7c=
17,25,at986BlbobGQD9zo5rwmTFK5oB0=,sY/a9LIP9q9AeoZSP30+PRORr7c=
18,30,at986BlbobGQD9zo5rwmTFK5oB0=,sY/a9LIP9q9AeoZSP30+PRORr7c=
16,25,at986BlbobGQD9zo5rwmTFK5oB0=,sY/a9LIP9q9AeoZSP30+PRORr7c=
17,30,at986BlbobGQD9zo5rwmTFK5oB0=,sY/a9LIP9q9AeoZSP30+PRORr7c=
16,30,at986BlbobGQD9zo5rwmTFK5oB0=,sY/a9LIP9q9AeoZSP30+PRORr7c=
21,27,at986BlbobGQD9zo5rwmTFK5oB0=,sY/a9LIP9q9AeoZSP30+PRORr7c=
22,28,at986BlbobGQD9zo5rwmTFK5oB0=,sY/a9LIP9q9AeoZSP30+PRORr7c=
20,26,at986BlbobGQD9zo5rwmTFK5oB0=,sY/a9LIP9q9AeoZSP30+PRORr7c=
19,26,at986BlbobGQD9zo5rwmTFK5oB0=,sY/a9LIP9q9AeoZSP30+PRORr7c=
18,26,at986BlbobGQD9zo5rwmTFK5oB0=,sY/a9LIP9q9AeoZSP30+PRORr7c=
21,26,at986BlbobGQD9zo5rwmTFK5oB0=,sY/a9LIP9q9AeoZSP30+PRORr7c=
17,31,at986BlbobGQD9zo5rwmTFK5oB0=,sY/a9LIP9q9AeoZSP30+PRORr7c=
18,31,at986BlbobGQD9zo5rwmTFK5oB0=,sY/a9LIP9q9AeoZSP30+PRORr7c=
19,31,at986BlbobGQD9zo5rwmTFK5oB0=,sY/a9LIP9q9AeoZSP30+PRORr7c=
20,31,at986BlbobGQD9zo5rwmTFK5oB0=,sY/a9LIP9q9AeoZSP30+PRORr7c=
21,31,at986BlbobGQD9zo5rwmTFK5oB0=,sY/a9LIP9q9AeoZSP30+PRORr7c=
23,31,at986BlbobGQD9zo5rwmTFK5oB0=,sY/a9LIP9q9AeoZSP30+PRORr7c=
22,31,at986BlbobGQD9zo5rwmTFK5oB0=,sY/a9LIP9q9AeoZSP30+PRORr7c=
16,31,at986BlbobGQD9zo5rwmTFK5oB0=,sY/a9LIP9q9AeoZSP30+PRORr7c=
