-329,-350,mmrGDNrWwL6E1/7M3W0noYOajOM=,E9r4JOjnkRw8mABi4WiXrUQMARY=
-329,-349,mmrGDNrWwL6E1/7M3W0noYOajOM=,E9r4JOjnkRw8mABi4WiXrUQMARY=
-329,-348,mmrGDNrWwL6E1/7M3W0noYOajOM=,E9r4JOjnkRw8mABi4WiXrUQMARY=
-336,-347,mmrGDNrWwL6E1/7M3W0noYOajOM=,E9r4JOjnkRw8mABi4WiXrUQMARY=
-336,-349,mmrGDNrWwL6E1/7M3W0noYOajOM=,E9r4JOjnkRw8mABi4WiXrUQMARY=
-330,-350,mmrGDNrWwL6E1/7M3W0noYOajOM=,E9r4JOjnkRw8mABi4WiXrUQMARY=
-336,-348,mmrGDNrWwL6E1/7M3W0noYOajOM=,E9r4JOjnkRw8mABi4WiXrUQMARY=
-329,-352,mmrGDNrWwL6E1/7M3W0noYOajOM=,E9r4JOjnkRw8mABi4WiXrUQMARY=
-331,-350,mmrGDNrWwL6E1/7M3W0noYOajOM=,E9r4JOjnkRw8mABi4WiXrUQMARY=
-330,-348,mmrGDNrWwL6E1/7M3W0noYOajOM=,E9r4JOjnkRw8mABi4WiXrUQMARY=
-335,-347,mmrGDNrWwL6E1/7M3W0noYOajOM=,E9r4JOjnkRw8mABi4WiXrUQMARY=
-335,-348,mmrGDNrWwL6E1/7M3W0noYOajOM=,E9r4JOjnkRw8mABi4WiXrUQMARY=
-330,-349,mmrGDNrWwL6E1/7M3W0noYOajOM=,E9r4JOjnkRw8mABi4WiXrUQMARY=
-334,-348,mmrGDNrWwL6E1/7M3W0noYOajOM=,E9r4JOjnkRw8mABi4WiXrUQMARY=
-329,-351,mmrGDNrWwL6E1/7M3W0noYOajOM=,E9r4JOjnkRw8mABi4WiXrUQMARY=
-334,-352,mmrGDNrWwL6E1/7M3W0noYOajOM=,E9r4JOjnkRw8mABi4WiXrUQMARY=
-331,-352,mmrGDNrWwL6E1/7M3W0noYOajOM=,E9r4JOjnkRw8mABi4WiXrUQMARY=
-336,-352,mmrGDNrWwL6E1/7M3W0noYOajOM=,E9r4JOjnkRw8mABi4WiXrUQMARY=
-329,-345,mmrGDNrWwL6E1/7M3W0noYOajOM=,E9r4JOjnkRw8mABi4WiXrUQMARY=
-335,-349,mmrGDNrWwL6E1/7M3W0noYOajOM=,E9r4JOjnkRw8mABi4WiXrUQMARY=
-334,-349,mmrGDNrWwL6E1/7M3W0noYOajOM=,E9r4JOjnkRw8mABi4WiXrUQMARY=
-336,-351,mmrGDNrWwL6E1/7M3W0noYOajOM=,E9r4JOjnkRw8mABi4WiXrUQMARY=
-333,-349,mmrGDNrWwL6E1/7M3W0noYOajOM=,E9r4JOjnkRw8mABi4WiXrUQMARY=
-335,-351,mmrGDNrWwL6E1/7M3W0noYOajOM=,E9r4JOjnkRw8mABi4WiXrUQMARY=
-334,-347,mmrGDNrWwL6E1/7M3W0noYOajOM=,E9r4JOjnkRw8mABi4WiXrUQMARY=
-334,-351,mmrGDNrWwL6E1/7M3W0noYOajOM=,E9r4JOjnkRw8mABi4WiXrUQMARY=
-332,-350,mmrGDNrWwL6E1/7M3W0noYOajOM=,E9r4JOjnkRw8mABi4WiXrUQMARY=
-333,-352,mmrGDNrWwL6E1/7M3W0noYOajOM=,E9r4JOjnkRw8mABi4WiXrUQMARY=
-330,-345,mmrGDNrWwL6E1/7M3W0noYOajOM=,E9r4JOjnkRw8mABi4WiXrUQMARY=
-331,-345,mmrGDNrWwL6E1/7M3W0noYOajOM=,E9r4JOjnkRw8mABi4WiXrUQMARY=
-330,-351,mmrGDNrWwL6E1/7M3W0noYOajOM=,E9r4JOjnkRw8mABi4WiXrUQMARY=
-331,-351,mmrGDNrWwL6E1/7M3W0noYOajOM=,E9r4JOjnkRw8mABi4WiXrUQMARY=
-332,-351,mmrGDNrWwL6E1/7M3W0noYOajOM=,E9r4JOjnkRw8mABi4WiXrUQMARY=
-333,-350,mmrGDNrWwL6E1/7M3W0noYOajOM=,E9r4JOjnkRw8mABi4WiXrUQMARY=
-333,-347,mmrGDNrWwL6E1/7M3W0noYOajOM=,E9r4JOjnkRw8mABi4WiXrUQMARY=
-332,-345,mmrGDNrWwL6E1/7M3W0noYOajOM=,E9r4JOjnkRw8mABi4WiXrUQMARY=
-333,-348,mmrGDNrWwL6E1/7M3W0noYOajOM=,E9r4JOjnkRw8mABi4WiXrUQMARY=
-333,-345,mmrGDNrWwL6E1/7M3W0noYOajOM=,E9r4JOjnkRw8mABi4WiXrUQMARY=
-334,-345,mmrGDNrWwL6E1/7M3W0noYOajOM=,E9r4JOjnkRw8mABi4WiXrUQMARY=
-334,-350,mmrGDNrWwL6E1/7M3W0noYOajOM=,E9r4JOjnkRw8mABi4WiXrUQMARY=
-335,-345,mmrGDNrWwL6E1/7M3W0noYOajOM=,E9r4JOjnkRw8mABi4WiXrUQMARY=
-336,-345,mmrGDNrWwL6E1/7M3W0noYOajOM=,E9r4JOjnkRw8mABi4WiXrUQMARY=
-329,-346,mmrGDNrWwL6E1/7M3W0noYOajOM=,E9r4JOjnkRw8mABi4WiXrUQMARY=
-330,-346,mmrGDNrWwL6E1/7M3W0noYOajOM=,E9r4JOjnkRw8mABi4WiXrUQMARY=
-331,-346,mmrGDNrWwL6E1/7M3W0noYOajOM=,E9r4JOjnkRw8mABi4WiXrUQMARY=
-335,-352,mmrGDNrWwL6E1/7M3W0noYOajOM=,E9r4JOjnkRw8mABi4WiXrUQMARY=
-332,-352,mmrGDNrWwL6E1/7M3W0noYOajOM=,E9r4JOjnkRw8mABi4WiXrUQMARY=
-335,-350,mmrGDNrWwL6E1/7M3W0noYOajOM=,E9r4JOjnkRw8mABi4WiXrUQMARY=
-336,-350,mmrGDNrWwL6E1/7M3W0noYOajOM=,E9r4JOjnkRw8mABi4WiXrUQMARY=
-330,-352,mmrGDNrWwL6E1/7M3W0noYOajOM=,E9r4JOjnkRw8mABi4WiXrUQMARY=
-332,-346,mmrGDNrWwL6E1/7M3W0noYOajOM=,E9r4JOjnkRw8mABi4WiXrUQMARY=
-333,-346,mmrGDNrWwL6E1/7M3W0noYOajOM=,E9r4JOjnkRw8mABi4WiXrUQMARY=
-334,-346,mmrGDNrWwL6E1/7M3W0noYOajOM=,E9r4JOjnkRw8mABi4WiXrUQMARY=
-335,-346,mmrGDNrWwL6E1/7M3W0noYOajOM=,E9r4JOjnkRw8mABi4WiXrUQMARY=
-336,-346,mmrGDNrWwL6E1/7M3W0noYOajOM=,E9r4JOjnkRw8mABi4WiXrUQMARY=
-329,-347,mmrGDNrWwL6E1/7M3W0noYOajOM=,E9r4JOjnkRw8mABi4WiXrUQMARY=
-330,-347,mmrGDNrWwL6E1/7M3W0noYOajOM=,E9r4JOjnkRw8mABi4WiXrUQMARY=
-331,-347,mmrGDNrWwL6E1/7M3W0noYOajOM=,E9r4JOjnkRw8mABi4WiXrUQMARY=
-333,-351,mmrGDNrWwL6E1/7M3W0noYOajOM=,E9r4JOjnkRw8mABi4WiXrUQMARY=
-332,-347,mmrGDNrWwL6E1/7M3W0noYOajOM=,E9r4JOjnkRw8mABi4WiXrUQMARY=
-331,-348,mmrGDNrWwL6E1/7M3W0noYOajOM=,E9r4JOjnkRw8mABi4WiXrUQMARY=
-331,-349,mmrGDNrWwL6E1/7M3W0noYOajOM=,E9r4JOjnkRw8mABi4WiXrUQMARY=
-332,-348,mmrGDNrWwL6E1/7M3W0noYOajOM=,E9r4JOjnkRw8mABi4WiXrUQMARY=
-332,-349,mmrGDNrWwL6E1/7M3W0noYOajOM=,E9r4JOjnkRw8mABi4WiXrUQMARY=
