12,12,PQyGfjL+//iXuSXcmD9Ifk7CZK0=,E9r4JOjnkRw8mABi4WiXrUQMARY=
9,10,PQyGfjL+//iXuSXcmD9Ifk7CZK0=,E9r4JOjnkRw8mABi4WiXrUQMARY=
10,10,PQyGfjL+//iXuSXcmD9Ifk7CZK0=,E9r4JOjnkRw8mABi4WiXrUQMARY=
11,12,PQyGfjL+//iXuSXcmD9Ifk7CZK0=,E9r4JOjnkRw8mABi4WiXrUQMARY=
10,12,PQyGfjL+//iXuSXcmD9Ifk7CZK0=,E9r4JOjnkRw8mABi4WiXrUQMARY=
9,12,PQyGfjL+//iXuSXcmD9Ifk7CZK0=,E9r4JOjnkRw8mABi4WiXrUQMARY=
13,13,PQyGfjL+//iXuSXcmD9Ifk7CZK0=,E9r4JOjnkRw8mABi4WiXrUQMARY=
14,14,PQyGfjL+//iXuSXcmD9Ifk7CZK0=,E9r4JOjnkRw8mABi4WiXrUQMARY=
12,13,PQyGfjL+//iXuSXcmD9Ifk7CZK0=,E9r4JOjnkRw8mABi4WiXrUQMARY=
11,11,PQyGfjL+//iXuSXcmD9Ifk7CZK0=,E9r4JOjnkRw8mABi4WiXrUQMARY=
11,13,PQyGfjL+//iXuSXcmD9Ifk7CZK0=,E9r4JOjnkRw8mABi4WiXrUQMARY=
13,14,PQyGfjL+//iXuSXcmD9Ifk7CZK0=,E9r4JOjnkRw8mABi4WiXrUQMARY=
12,14,PQyGfjL+//iXuSXcmD9Ifk7CZK0=,E9r4JOjnkRw8mABi4WiXrUQMARY=
11,14,PQyGfjL+//iXuSXcmD9Ifk7CZK0=,E9r4JOjnkRw8mABi4WiXrUQMARY=
10,11,PQyGfjL+//iXuSXcmD9Ifk7CZK0=,E9r4JOjnkRw8mABi4WiXrUQMARY=
9,9,PQyGfjL+//iXuSXcmD9Ifk7CZK0=,E9r4JOjnkRw8mABi4WiXrUQMARY=
10,13,PQyGfjL+//iXuSXcmD9Ifk7CZK0=,E9r4JOjnkRw8mABi4WiXrUQMARY=
10,14,PQyGfjL+//iXuSXcmD9Ifk7CZK0=,E9r4JOjnkRw8mABi4WiXrUQMARY=
9,11,PQyGfjL+//iXuSXcmD9Ifk7CZK0=,E9r4JOjnkRw8mABi4WiXrUQMARY=
9,13,PQyGfjL+//iXuSXcmD9Ifk7CZK0=,E9r4JOjnkRw8mABi4WiXrUQMARY=
8,13,PQyGfjL+//iXuSXcmD9Ifk7CZK0=,E9r4JOjnkRw8mABi4WiXrUQMARY=
14,6,ci8Nq4RgNHdeAkh7efc4h6TPZYs=,E9r4JOjnkRw8mABi4WiXrUQMARY=
15,6,ci8Nq4RgNHdeAkh7efc4h6TPZYs=,E9r4JOjnkRw8mABi4WiXrUQMARY=
14,7,ci8Nq4RgNHdeAkh7efc4h6TPZYs=,E9r4JOjnkRw8mABi4WiXrUQMARY=
10,9,ci8Nq4RgNHdeAkh7efc4h6TPZYs=,E9r4JOjnkRw8mABi4WiXrUQMARY=
8,4,ci8Nq4RgNHdeAkh7efc4h6TPZYs=,E9r4JOjnkRw8mABi4WiXrUQMARY=
8,10,ci8Nq4RgNHdeAkh7efc4h6TPZYs=,E9r4JOjnkRw8mABi4WiXrUQMARY=
7,6,ci8Nq4RgNHdeAkh7efc4h6TPZYs=,E9r4JOjnkRw8mABi4WiXrUQMARY=
4,10,ci8Nq4RgNHdeAkh7efc4h6TPZYs=,E9r4JOjnkRw8mABi4WiXrUQMARY=
6,6,ci8Nq4RgNHdeAkh7efc4h6TPZYs=,E9r4JOjnkRw8mABi4WiXrUQMARY=
11,9,ci8Nq4RgNHdeAkh7efc4h6TPZYs=,E9r4JOjnkRw8mABi4WiXrUQMARY=
11,10,ci8Nq4RgNHdeAkh7efc4h6TPZYs=,E9r4JOjnkRw8mABi4WiXrUQMARY=
5,10,ci8Nq4RgNHdeAkh7efc4h6TPZYs=,E9r4JOjnkRw8mABi4WiXrUQMARY=
8,9,ci8Nq4RgNHdeAkh7efc4h6TPZYs=,E9r4JOjnkRw8mABi4WiXrUQMARY=
15,0,ci8Nq4RgNHdeAkh7efc4h6TPZYs=,E9r4JOjnkRw8mABi4WiXrUQMARY=
4,11,ci8Nq4RgNHdeAkh7efc4h6TPZYs=,E9r4JOjnkRw8mABi4WiXrUQMARY=
14,0,ci8Nq4RgNHdeAkh7efc4h6TPZYs=,E9r4JOjnkRw8mABi4WiXrUQMARY=
12,3,ci8Nq4RgNHdeAkh7efc4h6TPZYs=,E9r4JOjnkRw8mABi4WiXrUQMARY=
13,0,ci8Nq4RgNHdeAkh7efc4h6TPZYs=,E9r4JOjnkRw8mABi4WiXrUQMARY=
6,5,ci8Nq4RgNHdeAkh7efc4h6TPZYs=,E9r4JOjnkRw8mABi4WiXrUQMARY=
7,7,ci8Nq4RgNHdeAkh7efc4h6TPZYs=,E9r4JOjnkRw8mABi4WiXrUQMARY=
5,0,ci8Nq4RgNHdeAkh7efc4h6TPZYs=,E9r4JOjnkRw8mABi4WiXrUQMARY=
12,0,ci8Nq4RgNHdeAkh7efc4h6TPZYs=,E9r4JOjnkRw8mABi4WiXrUQMARY=
12,2,ci8Nq4RgNHdeAkh7efc4h6TPZYs=,E9r4JOjnkRw8mABi4WiXrUQMARY=
15,1,ci8Nq4RgNHdeAkh7efc4h6TPZYs=,E9r4JOjnkRw8mABi4WiXrUQMARY=
8,11,ci8Nq4RgNHdeAkh7efc4h6TPZYs=,E9r4JOjnkRw8mABi4WiXrUQMARY=
13,2,ci8Nq4RgNHdeAkh7efc4h6TPZYs=,E9r4JOjnkRw8mABi4WiXrUQMARY=
6,7,ci8Nq4RgNHdeAkh7efc4h6TPZYs=,E9r4JOjnkRw8mABi4WiXrUQMARY=
6,10,ci8Nq4RgNHdeAkh7efc4h6TPZYs=,E9r4JOjnkRw8mABi4WiXrUQMARY=
5,7,ci8Nq4RgNHdeAkh7efc4h6TPZYs=,E9r4JOjnkRw8mABi4WiXrUQMARY=
8,0,ci8Nq4RgNHdeAkh7efc4h6TPZYs=,E9r4JOjnkRw8mABi4WiXrUQMARY=
14,2,ci8Nq4RgNHdeAkh7efc4h6TPZYs=,E9r4JOjnkRw8mABi4WiXrUQMARY=
14,1,ci8Nq4RgNHdeAkh7efc4h6TPZYs=,E9r4JOjnkRw8mABi4WiXrUQMARY=
13,1,ci8Nq4RgNHdeAkh7efc4h6TPZYs=,E9r4JOjnkRw8mABi4WiXrUQMARY=
6,11,ci8Nq4RgNHdeAkh7efc4h6TPZYs=,E9r4JOjnkRw8mABi4WiXrUQMARY=
0,0,ci8Nq4RgNHdeAkh7efc4h6TPZYs=,E9r4JOjnkRw8mABi4WiXrUQMARY=
13,3,ci8Nq4RgNHdeAkh7efc4h6TPZYs=,E9r4JOjnkRw8mABi4WiXrUQMARY=
7,10,ci8Nq4RgNHdeAkh7efc4h6TPZYs=,E9r4JOjnkRw8mABi4WiXrUQMARY=
5,11,ci8Nq4RgNHdeAkh7efc4h6TPZYs=,E9r4JOjnkRw8mABi4WiXrUQMARY=
4,0,ci8Nq4RgNHdeAkh7efc4h6TPZYs=,E9r4JOjnkRw8mABi4WiXrUQMARY=
15,2,ci8Nq4RgNHdeAkh7efc4h6TPZYs=,E9r4JOjnkRw8mABi4WiXrUQMARY=
15,7,ci8Nq4RgNHdeAkh7efc4h6TPZYs=,E9r4JOjnkRw8mABi4WiXrUQMARY=
0,3,ci8Nq4RgNHdeAkh7efc4h6TPZYs=,E9r4JOjnkRw8mABi4WiXrUQMARY=
12,1,ci8Nq4RgNHdeAkh7efc4h6TPZYs=,E9r4JOjnkRw8mABi4WiXrUQMARY=
9,3,ci8Nq4RgNHdeAkh7efc4h6TPZYs=,E9r4JOjnkRw8mABi4WiXrUQMARY=
12,15,ci8Nq4RgNHdeAkh7efc4h6TPZYs=,E9r4JOjnkRw8mABi4WiXrUQMARY=
7,0,ci8Nq4RgNHdeAkh7efc4h6TPZYs=,E9r4JOjnkRw8mABi4WiXrUQMARY=
7,13,ci8Nq4RgNHdeAkh7efc4h6TPZYs=,E9r4JOjnkRw8mABi4WiXrUQMARY=
6,13,ci8Nq4RgNHdeAkh7efc4h6TPZYs=,E9r4JOjnkRw8mABi4WiXrUQMARY=
15,5,ci8Nq4RgNHdeAkh7efc4h6TPZYs=,E9r4JOjnkRw8mABi4WiXrUQMARY=
6,15,ci8Nq4RgNHdeAkh7efc4h6TPZYs=,E9r4JOjnkRw8mABi4WiXrUQMARY=
5,15,ci8Nq4RgNHdeAkh7efc4h6TPZYs=,E9r4JOjnkRw8mABi4WiXrUQMARY=
4,15,ci8Nq4RgNHdeAkh7efc4h6TPZYs=,E9r4JOjnkRw8mABi4WiXrUQMARY=
9,2,ci8Nq4RgNHdeAkh7efc4h6TPZYs=,E9r4JOjnkRw8mABi4WiXrUQMARY=
7,11,ci8Nq4RgNHdeAkh7efc4h6TPZYs=,E9r4JOjnkRw8mABi4WiXrUQMARY=
5,12,ci8Nq4RgNHdeAkh7efc4h6TPZYs=,E9r4JOjnkRw8mABi4WiXrUQMARY=
0,11,ci8Nq4RgNHdeAkh7efc4h6TPZYs=,E9r4JOjnkRw8mABi4WiXrUQMARY=
4,9,ci8Nq4RgNHdeAkh7efc4h6TPZYs=,E9r4JOjnkRw8mABi4WiXrUQMARY=
0,9,ci8Nq4RgNHdeAkh7efc4h6TPZYs=,E9r4JOjnkRw8mABi4WiXrUQMARY=
4,12,ci8Nq4RgNHdeAkh7efc4h6TPZYs=,E9r4JOjnkRw8mABi4WiXrUQMARY=
0,5,ci8Nq4RgNHdeAkh7efc4h6TPZYs=,E9r4JOjnkRw8mABi4WiXrUQMARY=
1,10,ci8Nq4RgNHdeAkh7efc4h6TPZYs=,E9r4JOjnkRw8mABi4WiXrUQMARY=
6,0,ci8Nq4RgNHdeAkh7efc4h6TPZYs=,E9r4JOjnkRw8mABi4WiXrUQMARY=
5,9,ci8Nq4RgNHdeAkh7efc4h6TPZYs=,E9r4JOjnkRw8mABi4WiXrUQMARY=
10,2,ci8Nq4RgNHdeAkh7efc4h6TPZYs=,E9r4JOjnkRw8mABi4WiXrUQMARY=
1,3,ci8Nq4RgNHdeAkh7efc4h6TPZYs=,E9r4JOjnkRw8mABi4WiXrUQMARY=
5,5,ci8Nq4RgNHdeAkh7efc4h6TPZYs=,E9r4JOjnkRw8mABi4WiXrUQMARY=
0,2,ci8Nq4RgNHdeAkh7efc4h6TPZYs=,E9r4JOjnkRw8mABi4WiXrUQMARY=
11,2,ci8Nq4RgNHdeAkh7efc4h6TPZYs=,E9r4JOjnkRw8mABi4WiXrUQMARY=
7,12,ci8Nq4RgNHdeAkh7efc4h6TPZYs=,E9r4JOjnkRw8mABi4WiXrUQMARY=
15,3,ci8Nq4RgNHdeAkh7efc4h6TPZYs=,E9r4JOjnkRw8mABi4WiXrUQMARY=
6,12,ci8Nq4RgNHdeAkh7efc4h6TPZYs=,E9r4JOjnkRw8mABi4WiXrUQMARY=
0,12,ci8Nq4RgNHdeAkh7efc4h6TPZYs=,E9r4JOjnkRw8mABi4WiXrUQMARY=
6,9,ci8Nq4RgNHdeAkh7efc4h6TPZYs=,E9r4JOjnkRw8mABi4WiXrUQMARY=
9,1,ci8Nq4RgNHdeAkh7efc4h6TPZYs=,E9r4JOjnkRw8mABi4WiXrUQMARY=
5,6,ci8Nq4RgNHdeAkh7efc4h6TPZYs=,E9r4JOjnkRw8mABi4WiXrUQMARY=
7,9,ci8Nq4RgNHdeAkh7efc4h6TPZYs=,E9r4JOjnkRw8mABi4WiXrUQMARY=
11,4,ci8Nq4RgNHdeAkh7efc4h6TPZYs=,E9r4JOjnkRw8mABi4WiXrUQMARY=
0,8,ci8Nq4RgNHdeAkh7efc4h6TPZYs=,E9r4JOjnkRw8mABi4WiXrUQMARY=
5,13,ci8Nq4RgNHdeAkh7efc4h6TPZYs=,E9r4JOjnkRw8mABi4WiXrUQMARY=
0,7,ci8Nq4RgNHdeAkh7efc4h6TPZYs=,E9r4JOjnkRw8mABi4WiXrUQMARY=
0,1,ci8Nq4RgNHdeAkh7efc4h6TPZYs=,E9r4JOjnkRw8mABi4WiXrUQMARY=
4,5,ci8Nq4RgNHdeAkh7efc4h6TPZYs=,E9r4JOjnkRw8mABi4WiXrUQMARY=
10,3,ci8Nq4RgNHdeAkh7efc4h6TPZYs=,E9r4JOjnkRw8mABi4WiXrUQMARY=
8,8,ci8Nq4RgNHdeAkh7efc4h6TPZYs=,E9r4JOjnkRw8mABi4WiXrUQMARY=
8,5,ci8Nq4RgNHdeAkh7efc4h6TPZYs=,E9r4JOjnkRw8mABi4WiXrUQMARY=
7,14,ZtBGEeeOhJQlXlQ6NPYVffA9QpY=,E9r4JOjnkRw8mABi4WiXrUQMARY=
12,5,ZtBGEeeOhJQlXlQ6NPYVffA9QpY=,E9r4JOjnkRw8mABi4WiXrUQMARY=
14,5,ZtBGEeeOhJQlXlQ6NPYVffA9QpY=,E9r4JOjnkRw8mABi4WiXrUQMARY=
4,7,ZtBGEeeOhJQlXlQ6NPYVffA9QpY=,E9r4JOjnkRw8mABi4WiXrUQMARY=
0,15,ZtBGEeeOhJQlXlQ6NPYVffA9QpY=,E9r4JOjnkRw8mABi4WiXrUQMARY=
8,7,ZtBGEeeOhJQlXlQ6NPYVffA9QpY=,E9r4JOjnkRw8mABi4WiXrUQMARY=
4,6,ZtBGEeeOhJQlXlQ6NPYVffA9QpY=,E9r4JOjnkRw8mABi4WiXrUQMARY=
9,6,ZtBGEeeOhJQlXlQ6NPYVffA9QpY=,E9r4JOjnkRw8mABi4WiXrUQMARY=
11,3,ZtBGEeeOhJQlXlQ6NPYVffA9QpY=,E9r4JOjnkRw8mABi4WiXrUQMARY=
10,0,ZtBGEeeOhJQlXlQ6NPYVffA9QpY=,E9r4JOjnkRw8mABi4WiXrUQMARY=
9,0,ZtBGEeeOhJQlXlQ6NPYVffA9QpY=,E9r4JOjnkRw8mABi4WiXrUQMARY=
10,6,ZtBGEeeOhJQlXlQ6NPYVffA9QpY=,E9r4JOjnkRw8mABi4WiXrUQMARY=
6,1,ZtBGEeeOhJQlXlQ6NPYVffA9QpY=,E9r4JOjnkRw8mABi4WiXrUQMARY=
2,3,ZtBGEeeOhJQlXlQ6NPYVffA9QpY=,E9r4JOjnkRw8mABi4WiXrUQMARY=
11,1,ZtBGEeeOhJQlXlQ6NPYVffA9QpY=,E9r4JOjnkRw8mABi4WiXrUQMARY=
9,7,ZtBGEeeOhJQlXlQ6NPYVffA9QpY=,E9r4JOjnkRw8mABi4WiXrUQMARY=
14,3,ZtBGEeeOhJQlXlQ6NPYVffA9QpY=,E9r4JOjnkRw8mABi4WiXrUQMARY=
8,1,ZtBGEeeOhJQlXlQ6NPYVffA9QpY=,E9r4JOjnkRw8mABi4WiXrUQMARY=
3,3,ZtBGEeeOhJQlXlQ6NPYVffA9QpY=,E9r4JOjnkRw8mABi4WiXrUQMARY=
9,5,ZtBGEeeOhJQlXlQ6NPYVffA9QpY=,E9r4JOjnkRw8mABi4WiXrUQMARY=
3,4,ZtBGEeeOhJQlXlQ6NPYVffA9QpY=,E9r4JOjnkRw8mABi4WiXrUQMARY=
10,1,ZtBGEeeOhJQlXlQ6NPYVffA9QpY=,E9r4JOjnkRw8mABi4WiXrUQMARY=
11,0,ZtBGEeeOhJQlXlQ6NPYVffA9QpY=,E9r4JOjnkRw8mABi4WiXrUQMARY=
3,13,ZtBGEeeOhJQlXlQ6NPYVffA9QpY=,E9r4JOjnkRw8mABi4WiXrUQMARY=
1,2,ZtBGEeeOhJQlXlQ6NPYVffA9QpY=,E9r4JOjnkRw8mABi4WiXrUQMARY=
6,14,ZtBGEeeOhJQlXlQ6NPYVffA9QpY=,E9r4JOjnkRw8mABi4WiXrUQMARY=
2,1,ZtBGEeeOhJQlXlQ6NPYVffA9QpY=,E9r4JOjnkRw8mABi4WiXrUQMARY=
0,6,ZtBGEeeOhJQlXlQ6NPYVffA9QpY=,E9r4JOjnkRw8mABi4WiXrUQMARY=
7,3,ZtBGEeeOhJQlXlQ6NPYVffA9QpY=,E9r4JOjnkRw8mABi4WiXrUQMARY=
2,2,ZtBGEeeOhJQlXlQ6NPYVffA9QpY=,E9r4JOjnkRw8mABi4WiXrUQMARY=
7,15,ZtBGEeeOhJQlXlQ6NPYVffA9QpY=,E9r4JOjnkRw8mABi4WiXrUQMARY=
1,6,ZtBGEeeOhJQlXlQ6NPYVffA9QpY=,E9r4JOjnkRw8mABi4WiXrUQMARY=
0,13,ZtBGEeeOhJQlXlQ6NPYVffA9QpY=,E9r4JOjnkRw8mABi4WiXrUQMARY=
8,15,ZtBGEeeOhJQlXlQ6NPYVffA9QpY=,E9r4JOjnkRw8mABi4WiXrUQMARY=
3,12,ZtBGEeeOhJQlXlQ6NPYVffA9QpY=,E9r4JOjnkRw8mABi4WiXrUQMARY=
7,8,ZtBGEeeOhJQlXlQ6NPYVffA9QpY=,E9r4JOjnkRw8mABi4WiXrUQMARY=
2,7,ZtBGEeeOhJQlXlQ6NPYVffA9QpY=,E9r4JOjnkRw8mABi4WiXrUQMARY=
1,14,ZtBGEeeOhJQlXlQ6NPYVffA9QpY=,E9r4JOjnkRw8mABi4WiXrUQMARY=
1,1,ZtBGEeeOhJQlXlQ6NPYVffA9QpY=,E9r4JOjnkRw8mABi4WiXrUQMARY=
3,0,ZtBGEeeOhJQlXlQ6NPYVffA9QpY=,E9r4JOjnkRw8mABi4WiXrUQMARY=
11,6,ZtBGEeeOhJQlXlQ6NPYVffA9QpY=,E9r4JOjnkRw8mABi4WiXrUQMARY=
3,2,ZtBGEeeOhJQlXlQ6NPYVffA9QpY=,E9r4JOjnkRw8mABi4WiXrUQMARY=
8,6,ZtBGEeeOhJQlXlQ6NPYVffA9QpY=,E9r4JOjnkRw8mABi4WiXrUQMARY=
9,15,ZtBGEeeOhJQlXlQ6NPYVffA9QpY=,E9r4JOjnkRw8mABi4WiXrUQMARY=
5,8,ZtBGEeeOhJQlXlQ6NPYVffA9QpY=,E9r4JOjnkRw8mABi4WiXrUQMARY=
1,7,ZtBGEeeOhJQlXlQ6NPYVffA9QpY=,E9r4JOjnkRw8mABi4WiXrUQMARY=
6,8,ZtBGEeeOhJQlXlQ6NPYVffA9QpY=,E9r4JOjnkRw8mABi4WiXrUQMARY=
7,4,ZtBGEeeOhJQlXlQ6NPYVffA9QpY=,E9r4JOjnkRw8mABi4WiXrUQMARY=
5,14,ZtBGEeeOhJQlXlQ6NPYVffA9QpY=,E9r4JOjnkRw8mABi4WiXrUQMARY=
13,7,ZtBGEeeOhJQlXlQ6NPYVffA9QpY=,E9r4JOjnkRw8mABi4WiXrUQMARY=
4,8,ZtBGEeeOhJQlXlQ6NPYVffA9QpY=,E9r4JOjnkRw8mABi4WiXrUQMARY=
0,4,ZtBGEeeOhJQlXlQ6NPYVffA9QpY=,E9r4JOjnkRw8mABi4WiXrUQMARY=
10,15,ZtBGEeeOhJQlXlQ6NPYVffA9QpY=,E9r4JOjnkRw8mABi4WiXrUQMARY=
6,3,ZtBGEeeOhJQlXlQ6NPYVffA9QpY=,E9r4JOjnkRw8mABi4WiXrUQMARY=
5,2,ZtBGEeeOhJQlXlQ6NPYVffA9QpY=,E9r4JOjnkRw8mABi4WiXrUQMARY=
6,2,ZtBGEeeOhJQlXlQ6NPYVffA9QpY=,E9r4JOjnkRw8mABi4WiXrUQMARY=
11,15,ZtBGEeeOhJQlXlQ6NPYVffA9QpY=,E9r4JOjnkRw8mABi4WiXrUQMARY=
2,4,ZtBGEeeOhJQlXlQ6NPYVffA9QpY=,E9r4JOjnkRw8mABi4WiXrUQMARY=
0,14,ZtBGEeeOhJQlXlQ6NPYVffA9QpY=,E9r4JOjnkRw8mABi4WiXrUQMARY=
0,10,ZtBGEeeOhJQlXlQ6NPYVffA9QpY=,E9r4JOjnkRw8mABi4WiXrUQMARY=
4,14,ZtBGEeeOhJQlXlQ6NPYVffA9QpY=,E9r4JOjnkRw8mABi4WiXrUQMARY=
7,5,ZtBGEeeOhJQlXlQ6NPYVffA9QpY=,E9r4JOjnkRw8mABi4WiXrUQMARY=
4,4,ZtBGEeeOhJQlXlQ6NPYVffA9QpY=,E9r4JOjnkRw8mABi4WiXrUQMARY=
9,4,ZtBGEeeOhJQlXlQ6NPYVffA9QpY=,E9r4JOjnkRw8mABi4WiXrUQMARY=
8,12,ZtBGEeeOhJQlXlQ6NPYVffA9QpY=,E9r4JOjnkRw8mABi4WiXrUQMARY=
6,4,ZtBGEeeOhJQlXlQ6NPYVffA9QpY=,E9r4JOjnkRw8mABi4WiXrUQMARY=
5,1,ZtBGEeeOhJQlXlQ6NPYVffA9QpY=,E9r4JOjnkRw8mABi4WiXrUQMARY=
8,14,ZtBGEeeOhJQlXlQ6NPYVffA9QpY=,E9r4JOjnkRw8mABi4WiXrUQMARY=
9,14,ZtBGEeeOhJQlXlQ6NPYVffA9QpY=,E9r4JOjnkRw8mABi4WiXrUQMARY=
10,4,ZtBGEeeOhJQlXlQ6NPYVffA9QpY=,E9r4JOjnkRw8mABi4WiXrUQMARY=
5,4,ZtBGEeeOhJQlXlQ6NPYVffA9QpY=,E9r4JOjnkRw8mABi4WiXrUQMARY=
10,5,ZtBGEeeOhJQlXlQ6NPYVffA9QpY=,E9r4JOjnkRw8mABi4WiXrUQMARY=
9,8,ZtBGEeeOhJQlXlQ6NPYVffA9QpY=,E9r4JOjnkRw8mABi4WiXrUQMARY=
4,13,ZtBGEeeOhJQlXlQ6NPYVffA9QpY=,E9r4JOjnkRw8mABi4WiXrUQMARY=
13,15,ZtBGEeeOhJQlXlQ6NPYVffA9QpY=,E9r4JOjnkRw8mABi4WiXrUQMARY=
14,15,ZtBGEeeOhJQlXlQ6NPYVffA9QpY=,E9r4JOjnkRw8mABi4WiXrUQMARY=
3,7,ZtBGEeeOhJQlXlQ6NPYVffA9QpY=,E9r4JOjnkRw8mABi4WiXrUQMARY=
3,6,ZtBGEeeOhJQlXlQ6NPYVffA9QpY=,E9r4JOjnkRw8mABi4WiXrUQMARY=
10,8,ZtBGEeeOhJQlXlQ6NPYVffA9QpY=,E9r4JOjnkRw8mABi4WiXrUQMARY=
12,7,ZtBGEeeOhJQlXlQ6NPYVffA9QpY=,E9r4JOjnkRw8mABi4WiXrUQMARY=
11,5,ZtBGEeeOhJQlXlQ6NPYVffA9QpY=,E9r4JOjnkRw8mABi4WiXrUQMARY=
11,8,ZtBGEeeOhJQlXlQ6NPYVffA9QpY=,E9r4JOjnkRw8mABi4WiXrUQMARY=
15,8,ZtBGEeeOhJQlXlQ6NPYVffA9QpY=,E9r4JOjnkRw8mABi4WiXrUQMARY=
13,5,ZtBGEeeOhJQlXlQ6NPYVffA9QpY=,E9r4JOjnkRw8mABi4WiXrUQMARY=
10,7,ZtBGEeeOhJQlXlQ6NPYVffA9QpY=,E9r4JOjnkRw8mABi4WiXrUQMARY=
3,5,ZtBGEeeOhJQlXlQ6NPYVffA9QpY=,E9r4JOjnkRw8mABi4WiXrUQMARY=
14,12,ZtBGEeeOhJQlXlQ6NPYVffA9QpY=,E9r4JOjnkRw8mABi4WiXrUQMARY=
13,12,ZtBGEeeOhJQlXlQ6NPYVffA9QpY=,E9r4JOjnkRw8mABi4WiXrUQMARY=
8,3,ZtBGEeeOhJQlXlQ6NPYVffA9QpY=,E9r4JOjnkRw8mABi4WiXrUQMARY=
1,5,ZtBGEeeOhJQlXlQ6NPYVffA9QpY=,E9r4JOjnkRw8mABi4WiXrUQMARY=
2,5,ZtBGEeeOhJQlXlQ6NPYVffA9QpY=,E9r4JOjnkRw8mABi4WiXrUQMARY=
1,0,ZtBGEeeOhJQlXlQ6NPYVffA9QpY=,E9r4JOjnkRw8mABi4WiXrUQMARY=
12,4,ZtBGEeeOhJQlXlQ6NPYVffA9QpY=,E9r4JOjnkRw8mABi4WiXrUQMARY=
2,14,ZtBGEeeOhJQlXlQ6NPYVffA9QpY=,E9r4JOjnkRw8mABi4WiXrUQMARY=
15,14,ZtBGEeeOhJQlXlQ6NPYVffA9QpY=,E9r4JOjnkRw8mABi4WiXrUQMARY=
14,9,ZtBGEeeOhJQlXlQ6NPYVffA9QpY=,E9r4JOjnkRw8mABi4WiXrUQMARY=
4,3,ZtBGEeeOhJQlXlQ6NPYVffA9QpY=,E9r4JOjnkRw8mABi4WiXrUQMARY=
13,6,ZtBGEeeOhJQlXlQ6NPYVffA9QpY=,E9r4JOjnkRw8mABi4WiXrUQMARY=
14,13,ZtBGEeeOhJQlXlQ6NPYVffA9QpY=,E9r4JOjnkRw8mABi4WiXrUQMARY=
11,7,ZtBGEeeOhJQlXlQ6NPYVffA9QpY=,E9r4JOjnkRw8mABi4WiXrUQMARY=
13,11,ZtBGEeeOhJQlXlQ6NPYVffA9QpY=,E9r4JOjnkRw8mABi4WiXrUQMARY=
2,6,ZtBGEeeOhJQlXlQ6NPYVffA9QpY=,E9r4JOjnkRw8mABi4WiXrUQMARY=
4,1,ZtBGEeeOhJQlXlQ6NPYVffA9QpY=,E9r4JOjnkRw8mABi4WiXrUQMARY=
14,11,ZtBGEeeOhJQlXlQ6NPYVffA9QpY=,E9r4JOjnkRw8mABi4WiXrUQMARY=
14,4,ZtBGEeeOhJQlXlQ6NPYVffA9QpY=,E9r4JOjnkRw8mABi4WiXrUQMARY=
13,4,ZtBGEeeOhJQlXlQ6NPYVffA9QpY=,E9r4JOjnkRw8mABi4WiXrUQMARY=
2,0,ZtBGEeeOhJQlXlQ6NPYVffA9QpY=,E9r4JOjnkRw8mABi4WiXrUQMARY=
12,11,ZtBGEeeOhJQlXlQ6NPYVffA9QpY=,E9r4JOjnkRw8mABi4WiXrUQMARY=
1,8,K1ovdOV6Nru09yhIugmLOfuezU8=,E9r4JOjnkRw8mABi4WiXrUQMARY=
13,9,K1ovdOV6Nru09yhIugmLOfuezU8=,E9r4JOjnkRw8mABi4WiXrUQMARY=
8,2,K1ovdOV6Nru09yhIugmLOfuezU8=,E9r4JOjnkRw8mABi4WiXrUQMARY=
1,4,K1ovdOV6Nru09yhIugmLOfuezU8=,E9r4JOjnkRw8mABi4WiXrUQMARY=
3,1,K1ovdOV6Nru09yhIugmLOfuezU8=,E9r4JOjnkRw8mABi4WiXrUQMARY=
15,9,K1ovdOV6Nru09yhIugmLOfuezU8=,E9r4JOjnkRw8mABi4WiXrUQMARY=
15,11,K1ovdOV6Nru09yhIugmLOfuezU8=,E9r4JOjnkRw8mABi4WiXrUQMARY=
15,15,K1ovdOV6Nru09yhIugmLOfuezU8=,E9r4JOjnkRw8mABi4WiXrUQMARY=
12,10,K1ovdOV6Nru09yhIugmLOfuezU8=,E9r4JOjnkRw8mABi4WiXrUQMARY=
15,12,K1ovdOV6Nru09yhIugmLOfuezU8=,E9r4JOjnkRw8mABi4WiXrUQMARY=
14,8,K1ovdOV6Nru09yhIugmLOfuezU8=,E9r4JOjnkRw8mABi4WiXrUQMARY=
13,10,K1ovdOV6Nru09yhIugmLOfuezU8=,E9r4JOjnkRw8mABi4WiXrUQMARY=
7,1,K1ovdOV6Nru09yhIugmLOfuezU8=,E9r4JOjnkRw8mABi4WiXrUQMARY=
15,4,K1ovdOV6Nru09yhIugmLOfuezU8=,E9r4JOjnkRw8mABi4WiXrUQMARY=
12,6,K1ovdOV6Nru09yhIugmLOfuezU8=,E9r4JOjnkRw8mABi4WiXrUQMARY=
15,10,K1ovdOV6Nru09yhIugmLOfuezU8=,E9r4JOjnkRw8mABi4WiXrUQMARY=
12,9,K1ovdOV6Nru09yhIugmLOfuezU8=,E9r4JOjnkRw8mABi4WiXrUQMARY=
7,2,K1ovdOV6Nru09yhIugmLOfuezU8=,E9r4JOjnkRw8mABi4WiXrUQMARY=
3,14,K1ovdOV6Nru09yhIugmLOfuezU8=,E9r4JOjnkRw8mABi4WiXrUQMARY=
2,10,K1ovdOV6Nru09yhIugmLOfuezU8=,E9r4JOjnkRw8mABi4WiXrUQMARY=
2,8,K1ovdOV6Nru09yhIugmLOfuezU8=,E9r4JOjnkRw8mABi4WiXrUQMARY=
14,10,K1ovdOV6Nru09yhIugmLOfuezU8=,E9r4JOjnkRw8mABi4WiXrUQMARY=
5,3,K1ovdOV6Nru09yhIugmLOfuezU8=,E9r4JOjnkRw8mABi4WiXrUQMARY=
3,15,K1ovdOV6Nru09yhIugmLOfuezU8=,E9r4JOjnkRw8mABi4WiXrUQMARY=
3,10,K1ovdOV6Nru09yhIugmLOfuezU8=,E9r4JOjnkRw8mABi4WiXrUQMARY=
1,9,K1ovdOV6Nru09yhIugmLOfuezU8=,E9r4JOjnkRw8mABi4WiXrUQMARY=
1,12,K1ovdOV6Nru09yhIugmLOfuezU8=,E9r4JOjnkRw8mABi4WiXrUQMARY=
13,8,K1ovdOV6Nru09yhIugmLOfuezU8=,E9r4JOjnkRw8mABi4WiXrUQMARY=
4,2,K1ovdOV6Nru09yhIugmLOfuezU8=,E9r4JOjnkRw8mABi4WiXrUQMARY=
15,13,K1ovdOV6Nru09yhIugmLOfuezU8=,E9r4JOjnkRw8mABi4WiXrUQMARY=
2,11,K1ovdOV6Nru09yhIugmLOfuezU8=,E9r4JOjnkRw8mABi4WiXrUQMARY=
3,11,K1ovdOV6Nru09yhIugmLOfuezU8=,E9r4JOjnkRw8mABi4WiXrUQMARY=
2,12,K1ovdOV6Nru09yhIugmLOfuezU8=,E9r4JOjnkRw8mABi4WiXrUQMARY=
1,11,K1ovdOV6Nru09yhIugmLOfuezU8=,E9r4JOjnkRw8mABi4WiXrUQMARY=
12,8,K1ovdOV6Nru09yhIugmLOfuezU8=,E9r4JOjnkRw8mABi4WiXrUQMARY=
2,15,K1ovdOV6Nru09yhIugmLOfuezU8=,E9r4JOjnkRw8mABi4WiXrUQMARY=
1,13,K1ovdOV6Nru09yhIugmLOfuezU8=,E9r4JOjnkRw8mABi4WiXrUQMARY=
2,9,K1ovdOV6Nru09yhIugmLOfuezU8=,E9r4JOjnkRw8mABi4WiXrUQMARY=
3,9,K1ovdOV6Nru09yhIugmLOfuezU8=,E9r4JOjnkRw8mABi4WiXrUQMARY=
2,13,K1ovdOV6Nru09yhIugmLOfuezU8=,E9r4JOjnkRw8mABi4WiXrUQMARY=
3,8,K1ovdOV6Nru09yhIugmLOfuezU8=,E9r4JOjnkRw8mABi4WiXrUQMARY=
1,15,K1ovdOV6Nru09yhIugmLOfuezU8=,E9r4JOjnkRw8mABi4WiXrUQMARY=
4,19,K1ovdOV6Nru09yhIugmLOfuezU8=,E9r4JOjnkRw8mABi4WiXrUQMARY=
5,18,K1ovdOV6Nru09yhIugmLOfuezU8=,E9r4JOjnkRw8mABi4WiXrUQMARY=
3,19,K1ovdOV6Nru09yhIugmLOfuezU8=,E9r4JOjnkRw8mABi4WiXrUQMARY=
6,18,K1ovdOV6Nru09yhIugmLOfuezU8=,E9r4JOjnkRw8mABi4WiXrUQMARY=
3,17,K1ovdOV6Nru09yhIugmLOfuezU8=,E9r4JOjnkRw8mABi4WiXrUQMARY=
2,17,K1ovdOV6Nru09yhIugmLOfuezU8=,E9r4JOjnkRw8mABi4WiXrUQMARY=
6,23,K1ovdOV6Nru09yhIugmLOfuezU8=,E9r4JOjnkRw8mABi4WiXrUQMARY=
5,23,K1ovdOV6Nru09yhIugmLOfuezU8=,E9r4JOjnkRw8mABi4WiXrUQMARY=
4,23,K1ovdOV6Nru09yhIugmLOfuezU8=,E9r4JOjnkRw8mABi4WiXrUQMARY=
4,18,K1ovdOV6Nru09yhIugmLOfuezU8=,E9r4JOjnkRw8mABi4WiXrUQMARY=
3,18,K1ovdOV6Nru09yhIugmLOfuezU8=,E9r4JOjnkRw8mABi4WiXrUQMARY=
2,18,K1ovdOV6Nru09yhIugmLOfuezU8=,E9r4JOjnkRw8mABi4WiXrUQMARY=
5,20,K1ovdOV6Nru09yhIugmLOfuezU8=,E9r4JOjnkRw8mABi4WiXrUQMARY=
4,20,K1ovdOV6Nru09yhIugmLOfuezU8=,E9r4JOjnkRw8mABi4WiXrUQMARY=
1,17,K1ovdOV6Nru09yhIugmLOfuezU8=,E9r4JOjnkRw8mABi4WiXrUQMARY=
3,23,K1ovdOV6Nru09yhIugmLOfuezU8=,E9r4JOjnkRw8mABi4WiXrUQMARY=
2,23,K1ovdOV6Nru09yhIugmLOfuezU8=,E9r4JOjnkRw8mABi4WiXrUQMARY=
3,20,K1ovdOV6Nru09yhIugmLOfuezU8=,E9r4JOjnkRw8mABi4WiXrUQMARY=
1,23,K1ovdOV6Nru09yhIugmLOfuezU8=,E9r4JOjnkRw8mABi4WiXrUQMARY=
6,21,K1ovdOV6Nru09yhIugmLOfuezU8=,E9r4JOjnkRw8mABi4WiXrUQMARY=
5,21,K1ovdOV6Nru09yhIugmLOfuezU8=,E9r4JOjnkRw8mABi4WiXrUQMARY=
4,21,K1ovdOV6Nru09yhIugmLOfuezU8=,E9r4JOjnkRw8mABi4WiXrUQMARY=
1,18,K1ovdOV6Nru09yhIugmLOfuezU8=,E9r4JOjnkRw8mABi4WiXrUQMARY=
2,20,K1ovdOV6Nru09yhIugmLOfuezU8=,E9r4JOjnkRw8mABi4WiXrUQMARY=
1,20,K1ovdOV6Nru09yhIugmLOfuezU8=,E9r4JOjnkRw8mABi4WiXrUQMARY=
3,21,K1ovdOV6Nru09yhIugmLOfuezU8=,E9r4JOjnkRw8mABi4WiXrUQMARY=
6,22,K1ovdOV6Nru09yhIugmLOfuezU8=,E9r4JOjnkRw8mABi4WiXrUQMARY=
5,22,K1ovdOV6Nru09yhIugmLOfuezU8=,E9r4JOjnkRw8mABi4WiXrUQMARY=
2,19,K1ovdOV6Nru09yhIugmLOfuezU8=,E9r4JOjnkRw8mABi4WiXrUQMARY=
4,22,K1ovdOV6Nru09yhIugmLOfuezU8=,E9r4JOjnkRw8mABi4WiXrUQMARY=
1,19,K1ovdOV6Nru09yhIugmLOfuezU8=,E9r4JOjnkRw8mABi4WiXrUQMARY=
6,19,K1ovdOV6Nru09yhIugmLOfuezU8=,E9r4JOjnkRw8mABi4WiXrUQMARY=
3,22,K1ovdOV6Nru09yhIugmLOfuezU8=,E9r4JOjnkRw8mABi4WiXrUQMARY=
2,21,K1ovdOV6Nru09yhIugmLOfuezU8=,E9r4JOjnkRw8mABi4WiXrUQMARY=
1,21,K1ovdOV6Nru09yhIugmLOfuezU8=,E9r4JOjnkRw8mABi4WiXrUQMARY=
2,22,K1ovdOV6Nru09yhIugmLOfuezU8=,E9r4JOjnkRw8mABi4WiXrUQMARY=
1,22,K1ovdOV6Nru09yhIugmLOfuezU8=,E9r4JOjnkRw8mABi4WiXrUQMARY=
6,20,K1ovdOV6Nru09yhIugmLOfuezU8=,E9r4JOjnkRw8mABi4WiXrUQMARY=
5,17,K1ovdOV6Nru09yhIugmLOfuezU8=,E9r4JOjnkRw8mABi4WiXrUQMARY=
4,17,K1ovdOV6Nru09yhIugmLOfuezU8=,E9r4JOjnkRw8mABi4WiXrUQMARY=
5,19,K1ovdOV6Nru09yhIugmLOfuezU8=,E9r4JOjnkRw8mABi4WiXrUQMARY=
0,17,K1ovdOV6Nru09yhIugmLOfuezU8=,E9r4JOjnkRw8mABi4WiXrUQMARY=
0,20,K1ovdOV6Nru09yhIugmLOfuezU8=,E9r4JOjnkRw8mABi4WiXrUQMARY=
0,18,K1ovdOV6Nru09yhIugmLOfuezU8=,E9r4JOjnkRw8mABi4WiXrUQMARY=
0,21,K1ovdOV6Nru09yhIugmLOfuezU8=,E9r4JOjnkRw8mABi4WiXrUQMARY=
0,19,K1ovdOV6Nru09yhIugmLOfuezU8=,E9r4JOjnkRw8mABi4WiXrUQMARY=
0,22,K1ovdOV6Nru09yhIugmLOfuezU8=,E9r4JOjnkRw8mABi4WiXrUQMARY=
7,18,K1ovdOV6Nru09yhIugmLOfuezU8=,E9r4JOjnkRw8mABi4WiXrUQMARY=
7,23,K1ovdOV6Nru09yhIugmLOfuezU8=,E9r4JOjnkRw8mABi4WiXrUQMARY=
0,23,K1ovdOV6Nru09yhIugmLOfuezU8=,E9r4JOjnkRw8mABi4WiXrUQMARY=
8,18,K1ovdOV6Nru09yhIugmLOfuezU8=,E9r4JOjnkRw8mABi4WiXrUQMARY=
6,17,K1ovdOV6Nru09yhIugmLOfuezU8=,E9r4JOjnkRw8mABi4WiXrUQMARY=
7,22,K1ovdOV6Nru09yhIugmLOfuezU8=,E9r4JOjnkRw8mABi4WiXrUQMARY=
4,16,K1ovdOV6Nru09yhIugmLOfuezU8=,E9r4JOjnkRw8mABi4WiXrUQMARY=
5,16,K1ovdOV6Nru09yhIugmLOfuezU8=,E9r4JOjnkRw8mABi4WiXrUQMARY=
7,21,K1ovdOV6Nru09yhIugmLOfuezU8=,E9r4JOjnkRw8mABi4WiXrUQMARY=
15,23,K1ovdOV6Nru09yhIugmLOfuezU8=,E9r4JOjnkRw8mABi4WiXrUQMARY=
14,23,K1ovdOV6Nru09yhIugmLOfuezU8=,E9r4JOjnkRw8mABi4WiXrUQMARY=
13,23,K1ovdOV6Nru09yhIugmLOfuezU8=,E9r4JOjnkRw8mABi4WiXrUQMARY=
12,23,K1ovdOV6Nru09yhIugmLOfuezU8=,E9r4JOjnkRw8mABi4WiXrUQMARY=
11,23,K1ovdOV6Nru09yhIugmLOfuezU8=,E9r4JOjnkRw8mABi4WiXrUQMARY=
9,23,K1ovdOV6Nru09yhIugmLOfuezU8=,E9r4JOjnkRw8mABi4WiXrUQMARY=
10,23,K1ovdOV6Nru09yhIugmLOfuezU8=,E9r4JOjnkRw8mABi4WiXrUQMARY=
8,23,K1ovdOV6Nru09yhIugmLOfuezU8=,E9r4JOjnkRw8mABi4WiXrUQMARY=
14,22,K1ovdOV6Nru09yhIugmLOfuezU8=,E9r4JOjnkRw8mABi4WiXrUQMARY=
15,22,K1ovdOV6Nru09yhIugmLOfuezU8=,E9r4JOjnkRw8mABi4WiXrUQMARY=
13,22,K1ovdOV6Nru09yhIugmLOfuezU8=,E9r4JOjnkRw8mABi4WiXrUQMARY=
11,22,K1ovdOV6Nru09yhIugmLOfuezU8=,E9r4JOjnkRw8mABi4WiXrUQMARY=
12,22,K1ovdOV6Nru09yhIugmLOfuezU8=,E9r4JOjnkRw8mABi4WiXrUQMARY=
10,22,K1ovdOV6Nru09yhIugmLOfuezU8=,E9r4JOjnkRw8mABi4WiXrUQMARY=
9,22,K1ovdOV6Nru09yhIugmLOfuezU8=,E9r4JOjnkRw8mABi4WiXrUQMARY=
8,22,K1ovdOV6Nru09yhIugmLOfuezU8=,E9r4JOjnkRw8mABi4WiXrUQMARY=
15,21,K1ovdOV6Nru09yhIugmLOfuezU8=,E9r4JOjnkRw8mABi4WiXrUQMARY=
13,21,K1ovdOV6Nru09yhIugmLOfuezU8=,E9r4JOjnkRw8mABi4WiXrUQMARY=
14,21,K1ovdOV6Nru09yhIugmLOfuezU8=,E9r4JOjnkRw8mABi4WiXrUQMARY=
12,21,K1ovdOV6Nru09yhIugmLOfuezU8=,E9r4JOjnkRw8mABi4WiXrUQMARY=
11,21,K1ovdOV6Nru09yhIugmLOfuezU8=,E9r4JOjnkRw8mABi4WiXrUQMARY=
13,16,K1ovdOV6Nru09yhIugmLOfuezU8=,E9r4JOjnkRw8mABi4WiXrUQMARY=
9,21,K1ovdOV6Nru09yhIugmLOfuezU8=,E9r4JOjnkRw8mABi4WiXrUQMARY=
10,21,K1ovdOV6Nru09yhIugmLOfuezU8=,E9r4JOjnkRw8mABi4WiXrUQMARY=
8,21,K1ovdOV6Nru09yhIugmLOfuezU8=,E9r4JOjnkRw8mABi4WiXrUQMARY=
15,20,K1ovdOV6Nru09yhIugmLOfuezU8=,E9r4JOjnkRw8mABi4WiXrUQMARY=
14,20,K1ovdOV6Nru09yhIugmLOfuezU8=,E9r4JOjnkRw8mABi4WiXrUQMARY=
13,20,K1ovdOV6Nru09yhIugmLOfuezU8=,E9r4JOjnkRw8mABi4WiXrUQMARY=
7,19,K1ovdOV6Nru09yhIugmLOfuezU8=,E9r4JOjnkRw8mABi4WiXrUQMARY=
12,20,K1ovdOV6Nru09yhIugmLOfuezU8=,E9r4JOjnkRw8mABi4WiXrUQMARY=
11,20,K1ovdOV6Nru09yhIugmLOfuezU8=,E9r4JOjnkRw8mABi4WiXrUQMARY=
12,17,K1ovdOV6Nru09yhIugmLOfuezU8=,E9r4JOjnkRw8mABi4WiXrUQMARY=
10,20,K1ovdOV6Nru09yhIugmLOfuezU8=,E9r4JOjnkRw8mABi4WiXrUQMARY=
9,20,K1ovdOV6Nru09yhIugmLOfuezU8=,E9r4JOjnkRw8mABi4WiXrUQMARY=
8,20,K1ovdOV6Nru09yhIugmLOfuezU8=,E9r4JOjnkRw8mABi4WiXrUQMARY=
12,16,K1ovdOV6Nru09yhIugmLOfuezU8=,E9r4JOjnkRw8mABi4WiXrUQMARY=
13,17,K1ovdOV6Nru09yhIugmLOfuezU8=,E9r4JOjnkRw8mABi4WiXrUQMARY=
13,19,K1ovdOV6Nru09yhIugmLOfuezU8=,E9r4JOjnkRw8mABi4WiXrUQMARY=
15,19,K1ovdOV6Nru09yhIugmLOfuezU8=,E9r4JOjnkRw8mABi4WiXrUQMARY=
11,19,K1ovdOV6Nru09yhIugmLOfuezU8=,E9r4JOjnkRw8mABi4WiXrUQMARY=
10,19,K1ovdOV6Nru09yhIugmLOfuezU8=,E9r4JOjnkRw8mABi4WiXrUQMARY=
9,19,K1ovdOV6Nru09yhIugmLOfuezU8=,E9r4JOjnkRw8mABi4WiXrUQMARY=
12,19,K1ovdOV6Nru09yhIugmLOfuezU8=,E9r4JOjnkRw8mABi4WiXrUQMARY=
8,19,K1ovdOV6Nru09yhIugmLOfuezU8=,E9r4JOjnkRw8mABi4WiXrUQMARY=
14,17,K1ovdOV6Nru09yhIugmLOfuezU8=,E9r4JOjnkRw8mABi4WiXrUQMARY=
7,20,K1ovdOV6Nru09yhIugmLOfuezU8=,E9r4JOjnkRw8mABi4WiXrUQMARY=
6,16,K1ovdOV6Nru09yhIugmLOfuezU8=,E9r4JOjnkRw8mABi4WiXrUQMARY=
14,18,K1ovdOV6Nru09yhIugmLOfuezU8=,E9r4JOjnkRw8mABi4WiXrUQMARY=
7,16,K1ovdOV6Nru09yhIugmLOfuezU8=,E9r4JOjnkRw8mABi4WiXrUQMARY=
13,18,K1ovdOV6Nru09yhIugmLOfuezU8=,E9r4JOjnkRw8mABi4WiXrUQMARY=
12,18,K1ovdOV6Nru09yhIugmLOfuezU8=,E9r4JOjnkRw8mABi4WiXrUQMARY=
14,19,K1ovdOV6Nru09yhIugmLOfuezU8=,E9r4JOjnkRw8mABi4WiXrUQMARY=
14,16,K1ovdOV6Nru09yhIugmLOfuezU8=,E9r4JOjnkRw8mABi4WiXrUQMARY=
15,17,K1ovdOV6Nru09yhIugmLOfuezU8=,E9r4JOjnkRw8mABi4WiXrUQMARY=
9,16,K1ovdOV6Nru09yhIugmLOfuezU8=,E9r4JOjnkRw8mABi4WiXrUQMARY=
7,17,K1ovdOV6Nru09yhIugmLOfuezU8=,E9r4JOjnkRw8mABi4WiXrUQMARY=
0,16,K1ovdOV6Nru09yhIugmLOfuezU8=,E9r4JOjnkRw8mABi4WiXrUQMARY=
8,16,K1ovdOV6Nru09yhIugmLOfuezU8=,E9r4JOjnkRw8mABi4WiXrUQMARY=
2,16,K1ovdOV6Nru09yhIugmLOfuezU8=,E9r4JOjnkRw8mABi4WiXrUQMARY=
3,16,K1ovdOV6Nru09yhIugmLOfuezU8=,E9r4JOjnkRw8mABi4WiXrUQMARY=
11,16,K1ovdOV6Nru09yhIugmLOfuezU8=,E9r4JOjnkRw8mABi4WiXrUQMARY=
15,18,K1ovdOV6Nru09yhIugmLOfuezU8=,E9r4JOjnkRw8mABi4WiXrUQMARY=
11,17,K1ovdOV6Nru09yhIugmLOfuezU8=,E9r4JOjnkRw8mABi4WiXrUQMARY=
1,16,K1ovdOV6Nru09yhIugmLOfuezU8=,E9r4JOjnkRw8mABi4WiXrUQMARY=
11,18,K1ovdOV6Nru09yhIugmLOfuezU8=,E9r4JOjnkRw8mABi4WiXrUQMARY=
9,18,K1ovdOV6Nru09yhIugmLOfuezU8=,E9r4JOjnkRw8mABi4WiXrUQMARY=
10,18,K1ovdOV6Nru09yhIugmLOfuezU8=,E9r4JOjnkRw8mABi4WiXrUQMARY=
10,16,K1ovdOV6Nru09yhIugmLOfuezU8=,E9r4JOjnkRw8mABi4WiXrUQMARY=
8,17,K1ovdOV6Nru09yhIugmLOfuezU8=,E9r4JOjnkRw8mABi4WiXrUQMARY=
15,16,K1ovdOV6Nru09yhIugmLOfuezU8=,E9r4JOjnkRw8mABi4WiXrUQMARY=
10,17,K1ovdOV6Nru09yhIugmLOfuezU8=,E9r4JOjnkRw8mABi4WiXrUQMARY=
9,17,K1ovdOV6Nru09yhIugmLOfuezU8=,E9r4JOjnkRw8mABi4WiXrUQMARY=
17,30,mmrGDNrWwL6E1/7M3W0noYOajOM=,E9r4JOjnkRw8mABi4WiXrUQMARY=
18,30,mmrGDNrWwL6E1/7M3W0noYOajOM=,E9r4JOjnkRw8mABi4WiXrUQMARY=
19,30,mmrGDNrWwL6E1/7M3W0noYOajOM=,E9r4JOjnkRw8mABi4WiXrUQMARY=
20,30,mmrGDNrWwL6E1/7M3W0noYOajOM=,E9r4JOjnkRw8mABi4WiXrUQMARY=
22,29,mmrGDNrWwL6E1/7M3W0noYOajOM=,E9r4JOjnkRw8mABi4WiXrUQMARY=
21,29,mmrGDNrWwL6E1/7M3W0noYOajOM=,E9r4JOjnkRw8mABi4WiXrUQMARY=
20,29,mmrGDNrWwL6E1/7M3W0noYOajOM=,E9r4JOjnkRw8mABi4WiXrUQMARY=
19,29,mmrGDNrWwL6E1/7M3W0noYOajOM=,E9r4JOjnkRw8mABi4WiXrUQMARY=
18,29,mmrGDNrWwL6E1/7M3W0noYOajOM=,E9r4JOjnkRw8mABi4WiXrUQMARY=
17,29,mmrGDNrWwL6E1/7M3W0noYOajOM=,E9r4JOjnkRw8mABi4WiXrUQMARY=
22,25,mmrGDNrWwL6E1/7M3W0noYOajOM=,E9r4JOjnkRw8mABi4WiXrUQMARY=
22,28,mmrGDNrWwL6E1/7M3W0noYOajOM=,E9r4JOjnkRw8mABi4WiXrUQMARY=
21,28,mmrGDNrWwL6E1/7M3W0noYOajOM=,E9r4JOjnkRw8mABi4WiXrUQMARY=
20,28,mmrGDNrWwL6E1/7M3W0noYOajOM=,E9r4JOjnkRw8mABi4WiXrUQMARY=
21,25,mmrGDNrWwL6E1/7M3W0noYOajOM=,E9r4JOjnkRw8mABi4WiXrUQMARY=
19,28,mmrGDNrWwL6E1/7M3W0noYOajOM=,E9r4JOjnkRw8mABi4WiXrUQMARY=
18,28,mmrGDNrWwL6E1/7M3W0noYOajOM=,E9r4JOjnkRw8mABi4WiXrUQMARY=
17,28,mmrGDNrWwL6E1/7M3W0noYOajOM=,E9r4JOjnkRw8mABi4WiXrUQMARY=
20,25,mmrGDNrWwL6E1/7M3W0noYOajOM=,E9r4JOjnkRw8mABi4WiXrUQMARY=
19,25,mmrGDNrWwL6E1/7M3W0noYOajOM=,E9r4JOjnkRw8mABi4WiXrUQMARY=
18,25,mmrGDNrWwL6E1/7M3W0noYOajOM=,E9r4JOjnkRw8mABi4WiXrUQMARY=
22,27,mmrGDNrWwL6E1/7M3W0noYOajOM=,E9r4JOjnkRw8mABi4WiXrUQMARY=
21,27,mmrGDNrWwL6E1/7M3W0noYOajOM=,E9r4JOjnkRw8mABi4WiXrUQMARY=
20,27,mmrGDNrWwL6E1/7M3W0noYOajOM=,E9r4JOjnkRw8mABi4WiXrUQMARY=
19,27,mmrGDNrWwL6E1/7M3W0noYOajOM=,E9r4JOjnkRw8mABi4WiXrUQMARY=
18,27,mmrGDNrWwL6E1/7M3W0noYOajOM=,E9r4JOjnkRw8mABi4WiXrUQMARY=
17,27,mmrGDNrWwL6E1/7M3W0noYOajOM=,E9r4JOjnkRw8mABi4WiXrUQMARY=
17,25,mmrGDNrWwL6E1/7M3W0noYOajOM=,E9r4JOjnkRw8mABi4WiXrUQMARY=
22,26,mmrGDNrWwL6E1/7M3W0noYOajOM=,E9r4JOjnkRw8mABi4WiXrUQMARY=
21,26,mmrGDNrWwL6E1/7M3W0noYOajOM=,E9r4JOjnkRw8mABi4WiXrUQMARY=
20,26,mmrGDNrWwL6E1/7M3W0noYOajOM=,E9r4JOjnkRw8mABi4WiXrUQMARY=
19,26,mmrGDNrWwL6E1/7M3W0noYOajOM=,E9r4JOjnkRw8mABi4WiXrUQMARY=
18,26,mmrGDNrWwL6E1/7M3W0noYOajOM=,E9r4JOjnkRw8mABi4WiXrUQMARY=
17,26,mmrGDNrWwL6E1/7M3W0noYOajOM=,E9r4JOjnkRw8mABi4WiXrUQMARY=
22,30,mmrGDNrWwL6E1/7M3W0noYOajOM=,E9r4JOjnkRw8mABi4WiXrUQMARY=
21,30,mmrGDNrWwL6E1/7M3W0noYOajOM=,E9r4JOjnkRw8mABi4WiXrUQMARY=
25,17,mmrGDNrWwL6E1/7M3W0noYOajOM=,E9r4JOjnkRw8mABi4WiXrUQMARY=
30,22,mmrGDNrWwL6E1/7M3W0noYOajOM=,E9r4JOjnkRw8mABi4WiXrUQMARY=
29,22,mmrGDNrWwL6E1/7M3W0noYOajOM=,E9r4JOjnkRw8mABi4WiXrUQMARY=
28,22,mmrGDNrWwL6E1/7M3W0noYOajOM=,E9r4JOjnkRw8mABi4WiXrUQMARY=
30,21,mmrGDNrWwL6E1/7M3W0noYOajOM=,E9r4JOjnkRw8mABi4WiXrUQMARY=
29,21,mmrGDNrWwL6E1/7M3W0noYOajOM=,E9r4JOjnkRw8mABi4WiXrUQMARY=
30,19,mmrGDNrWwL6E1/7M3W0noYOajOM=,E9r4JOjnkRw8mABi4WiXrUQMARY=
28,21,mmrGDNrWwL6E1/7M3W0noYOajOM=,E9r4JOjnkRw8mABi4WiXrUQMARY=
27,21,mmrGDNrWwL6E1/7M3W0noYOajOM=,E9r4JOjnkRw8mABi4WiXrUQMARY=
29,19,mmrGDNrWwL6E1/7M3W0noYOajOM=,E9r4JOjnkRw8mABi4WiXrUQMARY=
30,20,mmrGDNrWwL6E1/7M3W0noYOajOM=,E9r4JOjnkRw8mABi4WiXrUQMARY=
29,20,mmrGDNrWwL6E1/7M3W0noYOajOM=,E9r4JOjnkRw8mABi4WiXrUQMARY=
28,20,k0MLtCMB26Fu3aCKJ8MgdTdAjqI=,E9r4JOjnkRw8mABi4WiXrUQMARY=
27,20,k0MLtCMB26Fu3aCKJ8MgdTdAjqI=,E9r4JOjnkRw8mABi4WiXrUQMARY=
26,20,k0MLtCMB26Fu3aCKJ8MgdTdAjqI=,E9r4JOjnkRw8mABi4WiXrUQMARY=
28,19,k0MLtCMB26Fu3aCKJ8MgdTdAjqI=,E9r4JOjnkRw8mABi4WiXrUQMARY=
27,19,k0MLtCMB26Fu3aCKJ8MgdTdAjqI=,E9r4JOjnkRw8mABi4WiXrUQMARY=
26,19,k0MLtCMB26Fu3aCKJ8MgdTdAjqI=,E9r4JOjnkRw8mABi4WiXrUQMARY=
25,19,k0MLtCMB26Fu3aCKJ8MgdTdAjqI=,E9r4JOjnkRw8mABi4WiXrUQMARY=
30,18,k0MLtCMB26Fu3aCKJ8MgdTdAjqI=,E9r4JOjnkRw8mABi4WiXrUQMARY=
29,18,k0MLtCMB26Fu3aCKJ8MgdTdAjqI=,E9r4JOjnkRw8mABi4WiXrUQMARY=
28,18,k0MLtCMB26Fu3aCKJ8MgdTdAjqI=,E9r4JOjnkRw8mABi4WiXrUQMARY=
27,18,k0MLtCMB26Fu3aCKJ8MgdTdAjqI=,E9r4JOjnkRw8mABi4WiXrUQMARY=
26,18,k0MLtCMB26Fu3aCKJ8MgdTdAjqI=,E9r4JOjnkRw8mABi4WiXrUQMARY=
25,18,k0MLtCMB26Fu3aCKJ8MgdTdAjqI=,E9r4JOjnkRw8mABi4WiXrUQMARY=
30,17,k0MLtCMB26Fu3aCKJ8MgdTdAjqI=,E9r4JOjnkRw8mABi4WiXrUQMARY=
29,17,k0MLtCMB26Fu3aCKJ8MgdTdAjqI=,E9r4JOjnkRw8mABi4WiXrUQMARY=
28,17,k0MLtCMB26Fu3aCKJ8MgdTdAjqI=,E9r4JOjnkRw8mABi4WiXrUQMARY=
27,17,k0MLtCMB26Fu3aCKJ8MgdTdAjqI=,E9r4JOjnkRw8mABi4WiXrUQMARY=
26,17,k0MLtCMB26Fu3aCKJ8MgdTdAjqI=,E9r4JOjnkRw8mABi4WiXrUQMARY=
25,16,k0MLtCMB26Fu3aCKJ8MgdTdAjqI=,E9r4JOjnkRw8mABi4WiXrUQMARY=
26,16,k0MLtCMB26Fu3aCKJ8MgdTdAjqI=,E9r4JOjnkRw8mABi4WiXrUQMARY=
27,16,k0MLtCMB26Fu3aCKJ8MgdTdAjqI=,E9r4JOjnkRw8mABi4WiXrUQMARY=
28,16,k0MLtCMB26Fu3aCKJ8MgdTdAjqI=,E9r4JOjnkRw8mABi4WiXrUQMARY=
29,16,k0MLtCMB26Fu3aCKJ8MgdTdAjqI=,E9r4JOjnkRw8mABi4WiXrUQMARY=
30,16,k0MLtCMB26Fu3aCKJ8MgdTdAjqI=,E9r4JOjnkRw8mABi4WiXrUQMARY=
31,17,k0MLtCMB26Fu3aCKJ8MgdTdAjqI=,E9r4JOjnkRw8mABi4WiXrUQMARY=
31,18,k0MLtCMB26Fu3aCKJ8MgdTdAjqI=,E9r4JOjnkRw8mABi4WiXrUQMARY=
31,20,k0MLtCMB26Fu3aCKJ8MgdTdAjqI=,E9r4JOjnkRw8mABi4WiXrUQMARY=
31,21,k0MLtCMB26Fu3aCKJ8MgdTdAjqI=,E9r4JOjnkRw8mABi4WiXrUQMARY=
31,19,k0MLtCMB26Fu3aCKJ8MgdTdAjqI=,E9r4JOjnkRw8mABi4WiXrUQMARY=
31,22,k0MLtCMB26Fu3aCKJ8MgdTdAjqI=,E9r4JOjnkRw8mABi4WiXrUQMARY=
16,30,k0MLtCMB26Fu3aCKJ8MgdTdAjqI=,E9r4JOjnkRw8mABi4WiXrUQMARY=
16,26,k0MLtCMB26Fu3aCKJ8MgdTdAjqI=,E9r4JOjnkRw8mABi4WiXrUQMARY=
16,25,k0MLtCMB26Fu3aCKJ8MgdTdAjqI=,E9r4JOjnkRw8mABi4WiXrUQMARY=
16,27,k0MLtCMB26Fu3aCKJ8MgdTdAjqI=,E9r4JOjnkRw8mABi4WiXrUQMARY=
16,28,k0MLtCMB26Fu3aCKJ8MgdTdAjqI=,E9r4JOjnkRw8mABi4WiXrUQMARY=
16,29,k0MLtCMB26Fu3aCKJ8MgdTdAjqI=,E9r4JOjnkRw8mABi4WiXrUQMARY=
17,31,k0MLtCMB26Fu3aCKJ8MgdTdAjqI=,E9r4JOjnkRw8mABi4WiXrUQMARY=
22,31,k0MLtCMB26Fu3aCKJ8MgdTdAjqI=,E9r4JOjnkRw8mABi4WiXrUQMARY=
21,31,k0MLtCMB26Fu3aCKJ8MgdTdAjqI=,E9r4JOjnkRw8mABi4WiXrUQMARY=
24,31,k0MLtCMB26Fu3aCKJ8MgdTdAjqI=,E9r4JOjnkRw8mABi4WiXrUQMARY=
25,31,k0MLtCMB26Fu3aCKJ8MgdTdAjqI=,E9r4JOjnkRw8mABi4WiXrUQMARY=
26,31,k0MLtCMB26Fu3aCKJ8MgdTdAjqI=,E9r4JOjnkRw8mABi4WiXrUQMARY=
27,31,k0MLtCMB26Fu3aCKJ8MgdTdAjqI=,E9r4JOjnkRw8mABi4WiXrUQMARY=
28,31,k0MLtCMB26Fu3aCKJ8MgdTdAjqI=,E9r4JOjnkRw8mABi4WiXrUQMARY=
29,23,k0MLtCMB26Fu3aCKJ8MgdTdAjqI=,E9r4JOjnkRw8mABi4WiXrUQMARY=
30,23,k0MLtCMB26Fu3aCKJ8MgdTdAjqI=,E9r4JOjnkRw8mABi4WiXrUQMARY=
31,23,k0MLtCMB26Fu3aCKJ8MgdTdAjqI=,E9r4JOjnkRw8mABi4WiXrUQMARY=
23,30,k0MLtCMB26Fu3aCKJ8MgdTdAjqI=,E9r4JOjnkRw8mABi4WiXrUQMARY=
24,27,k0MLtCMB26Fu3aCKJ8MgdTdAjqI=,E9r4JOjnkRw8mABi4WiXrUQMARY=
20,31,k0MLtCMB26Fu3aCKJ8MgdTdAjqI=,E9r4JOjnkRw8mABi4WiXrUQMARY=
19,31,k0MLtCMB26Fu3aCKJ8MgdTdAjqI=,E9r4JOjnkRw8mABi4WiXrUQMARY=
18,31,k0MLtCMB26Fu3aCKJ8MgdTdAjqI=,E9r4JOjnkRw8mABi4WiXrUQMARY=
23,29,k0MLtCMB26Fu3aCKJ8MgdTdAjqI=,E9r4JOjnkRw8mABi4WiXrUQMARY=
31,26,k0MLtCMB26Fu3aCKJ8MgdTdAjqI=,E9r4JOjnkRw8mABi4WiXrUQMARY=
28,23,k0MLtCMB26Fu3aCKJ8MgdTdAjqI=,E9r4JOjnkRw8mABi4WiXrUQMARY=
25,27,k0MLtCMB26Fu3aCKJ8MgdTdAjqI=,E9r4JOjnkRw8mABi4WiXrUQMARY=
23,26,k0MLtCMB26Fu3aCKJ8MgdTdAjqI=,E9r4JOjnkRw8mABi4WiXrUQMARY=
27,30,k0MLtCMB26Fu3aCKJ8MgdTdAjqI=,E9r4JOjnkRw8mABi4WiXrUQMARY=
26,30,k0MLtCMB26Fu3aCKJ8MgdTdAjqI=,E9r4JOjnkRw8mABi4WiXrUQMARY=
25,30,k0MLtCMB26Fu3aCKJ8MgdTdAjqI=,E9r4JOjnkRw8mABi4WiXrUQMARY=
24,30,k0MLtCMB26Fu3aCKJ8MgdTdAjqI=,E9r4JOjnkRw8mABi4WiXrUQMARY=
23,25,k0MLtCMB26Fu3aCKJ8MgdTdAjqI=,E9r4JOjnkRw8mABi4WiXrUQMARY=
23,28,k0MLtCMB26Fu3aCKJ8MgdTdAjqI=,E9r4JOjnkRw8mABi4WiXrUQMARY=
31,25,k0MLtCMB26Fu3aCKJ8MgdTdAjqI=,E9r4JOjnkRw8mABi4WiXrUQMARY=
26,29,k0MLtCMB26Fu3aCKJ8MgdTdAjqI=,E9r4JOjnkRw8mABi4WiXrUQMARY=
25,29,k0MLtCMB26Fu3aCKJ8MgdTdAjqI=,E9r4JOjnkRw8mABi4WiXrUQMARY=
24,29,k0MLtCMB26Fu3aCKJ8MgdTdAjqI=,E9r4JOjnkRw8mABi4WiXrUQMARY=
31,24,k0MLtCMB26Fu3aCKJ8MgdTdAjqI=,E9r4JOjnkRw8mABi4WiXrUQMARY=
30,24,k0MLtCMB26Fu3aCKJ8MgdTdAjqI=,E9r4JOjnkRw8mABi4WiXrUQMARY=
23,27,k0MLtCMB26Fu3aCKJ8MgdTdAjqI=,E9r4JOjnkRw8mABi4WiXrUQMARY=
29,24,k0MLtCMB26Fu3aCKJ8MgdTdAjqI=,E9r4JOjnkRw8mABi4WiXrUQMARY=
25,28,k0MLtCMB26Fu3aCKJ8MgdTdAjqI=,E9r4JOjnkRw8mABi4WiXrUQMARY=
24,28,k0MLtCMB26Fu3aCKJ8MgdTdAjqI=,E9r4JOjnkRw8mABi4WiXrUQMARY=
23,31,k0MLtCMB26Fu3aCKJ8MgdTdAjqI=,E9r4JOjnkRw8mABi4WiXrUQMARY=
16,21,k0MLtCMB26Fu3aCKJ8MgdTdAjqI=,E9r4JOjnkRw8mABi4WiXrUQMARY=
17,21,k0MLtCMB26Fu3aCKJ8MgdTdAjqI=,E9r4JOjnkRw8mABi4WiXrUQMARY=
18,21,k0MLtCMB26Fu3aCKJ8MgdTdAjqI=,E9r4JOjnkRw8mABi4WiXrUQMARY=
19,21,k0MLtCMB26Fu3aCKJ8MgdTdAjqI=,E9r4JOjnkRw8mABi4WiXrUQMARY=
16,22,k0MLtCMB26Fu3aCKJ8MgdTdAjqI=,E9r4JOjnkRw8mABi4WiXrUQMARY=
17,22,k0MLtCMB26Fu3aCKJ8MgdTdAjqI=,E9r4JOjnkRw8mABi4WiXrUQMARY=
18,22,k0MLtCMB26Fu3aCKJ8MgdTdAjqI=,E9r4JOjnkRw8mABi4WiXrUQMARY=
19,22,k0MLtCMB26Fu3aCKJ8MgdTdAjqI=,E9r4JOjnkRw8mABi4WiXrUQMARY=
20,22,k0MLtCMB26Fu3aCKJ8MgdTdAjqI=,E9r4JOjnkRw8mABi4WiXrUQMARY=
24,16,k0MLtCMB26Fu3aCKJ8MgdTdAjqI=,E9r4JOjnkRw8mABi4WiXrUQMARY=
16,20,k0MLtCMB26Fu3aCKJ8MgdTdAjqI=,E9r4JOjnkRw8mABi4WiXrUQMARY=
16,23,k0MLtCMB26Fu3aCKJ8MgdTdAjqI=,E9r4JOjnkRw8mABi4WiXrUQMARY=
17,23,k0MLtCMB26Fu3aCKJ8MgdTdAjqI=,E9r4JOjnkRw8mABi4WiXrUQMARY=
18,23,k0MLtCMB26Fu3aCKJ8MgdTdAjqI=,E9r4JOjnkRw8mABi4WiXrUQMARY=
19,23,k0MLtCMB26Fu3aCKJ8MgdTdAjqI=,E9r4JOjnkRw8mABi4WiXrUQMARY=
20,23,k0MLtCMB26Fu3aCKJ8MgdTdAjqI=,E9r4JOjnkRw8mABi4WiXrUQMARY=
21,23,k0MLtCMB26Fu3aCKJ8MgdTdAjqI=,E9r4JOjnkRw8mABi4WiXrUQMARY=
17,20,k0MLtCMB26Fu3aCKJ8MgdTdAjqI=,E9r4JOjnkRw8mABi4WiXrUQMARY=
24,17,k0MLtCMB26Fu3aCKJ8MgdTdAjqI=,E9r4JOjnkRw8mABi4WiXrUQMARY=
30,25,k0MLtCMB26Fu3aCKJ8MgdTdAjqI=,E9r4JOjnkRw8mABi4WiXrUQMARY=
28,26,k0MLtCMB26Fu3aCKJ8MgdTdAjqI=,E9r4JOjnkRw8mABi4WiXrUQMARY=
16,31,k0MLtCMB26Fu3aCKJ8MgdTdAjqI=,E9r4JOjnkRw8mABi4WiXrUQMARY=
27,29,k0MLtCMB26Fu3aCKJ8MgdTdAjqI=,E9r4JOjnkRw8mABi4WiXrUQMARY=
28,27,k0MLtCMB26Fu3aCKJ8MgdTdAjqI=,E9r4JOjnkRw8mABi4WiXrUQMARY=
31,16,k0MLtCMB26Fu3aCKJ8MgdTdAjqI=,E9r4JOjnkRw8mABi4WiXrUQMARY=
28,25,k0MLtCMB26Fu3aCKJ8MgdTdAjqI=,E9r4JOjnkRw8mABi4WiXrUQMARY=
27,28,k0MLtCMB26Fu3aCKJ8MgdTdAjqI=,E9r4JOjnkRw8mABi4WiXrUQMARY=
16,18,k0MLtCMB26Fu3aCKJ8MgdTdAjqI=,E9r4JOjnkRw8mABi4WiXrUQMARY=
29,25,k0MLtCMB26Fu3aCKJ8MgdTdAjqI=,E9r4JOjnkRw8mABi4WiXrUQMARY=
26,28,k0MLtCMB26Fu3aCKJ8MgdTdAjqI=,E9r4JOjnkRw8mABi4WiXrUQMARY=
23,20,k0MLtCMB26Fu3aCKJ8MgdTdAjqI=,E9r4JOjnkRw8mABi4WiXrUQMARY=
29,31,k0MLtCMB26Fu3aCKJ8MgdTdAjqI=,E9r4JOjnkRw8mABi4WiXrUQMARY=
29,27,k0MLtCMB26Fu3aCKJ8MgdTdAjqI=,E9r4JOjnkRw8mABi4WiXrUQMARY=
16,17,k0MLtCMB26Fu3aCKJ8MgdTdAjqI=,E9r4JOjnkRw8mABi4WiXrUQMARY=
28,30,k0MLtCMB26Fu3aCKJ8MgdTdAjqI=,E9r4JOjnkRw8mABi4WiXrUQMARY=
29,29,k0MLtCMB26Fu3aCKJ8MgdTdAjqI=,E9r4JOjnkRw8mABi4WiXrUQMARY=
28,29,k0MLtCMB26Fu3aCKJ8MgdTdAjqI=,E9r4JOjnkRw8mABi4WiXrUQMARY=
16,19,k0MLtCMB26Fu3aCKJ8MgdTdAjqI=,E9r4JOjnkRw8mABi4WiXrUQMARY=
19,18,k0MLtCMB26Fu3aCKJ8MgdTdAjqI=,E9r4JOjnkRw8mABi4WiXrUQMARY=
23,16,k0MLtCMB26Fu3aCKJ8MgdTdAjqI=,E9r4JOjnkRw8mABi4WiXrUQMARY=
17,19,k0MLtCMB26Fu3aCKJ8MgdTdAjqI=,E9r4JOjnkRw8mABi4WiXrUQMARY=
18,18,k0MLtCMB26Fu3aCKJ8MgdTdAjqI=,E9r4JOjnkRw8mABi4WiXrUQMARY=
30,29,k0MLtCMB26Fu3aCKJ8MgdTdAjqI=,E9r4JOjnkRw8mABi4WiXrUQMARY=
24,23,k0MLtCMB26Fu3aCKJ8MgdTdAjqI=,E9r4JOjnkRw8mABi4WiXrUQMARY=
28,28,k0MLtCMB26Fu3aCKJ8MgdTdAjqI=,E9r4JOjnkRw8mABi4WiXrUQMARY=
19,17,k0MLtCMB26Fu3aCKJ8MgdTdAjqI=,E9r4JOjnkRw8mABi4WiXrUQMARY=
18,17,k0MLtCMB26Fu3aCKJ8MgdTdAjqI=,E9r4JOjnkRw8mABi4WiXrUQMARY=
30,28,k0MLtCMB26Fu3aCKJ8MgdTdAjqI=,E9r4JOjnkRw8mABi4WiXrUQMARY=
31,29,k0MLtCMB26Fu3aCKJ8MgdTdAjqI=,E9r4JOjnkRw8mABi4WiXrUQMARY=
23,19,k0MLtCMB26Fu3aCKJ8MgdTdAjqI=,E9r4JOjnkRw8mABi4WiXrUQMARY=
16,16,k0MLtCMB26Fu3aCKJ8MgdTdAjqI=,E9r4JOjnkRw8mABi4WiXrUQMARY=
19,20,k0MLtCMB26Fu3aCKJ8MgdTdAjqI=,E9r4JOjnkRw8mABi4WiXrUQMARY=
30,26,k0MLtCMB26Fu3aCKJ8MgdTdAjqI=,E9r4JOjnkRw8mABi4WiXrUQMARY=
22,19,k0MLtCMB26Fu3aCKJ8MgdTdAjqI=,E9r4JOjnkRw8mABi4WiXrUQMARY=
17,17,k0MLtCMB26Fu3aCKJ8MgdTdAjqI=,E9r4JOjnkRw8mABi4WiXrUQMARY=
24,24,k0MLtCMB26Fu3aCKJ8MgdTdAjqI=,E9r4JOjnkRw8mABi4WiXrUQMARY=
23,18,k0MLtCMB26Fu3aCKJ8MgdTdAjqI=,E9r4JOjnkRw8mABi4WiXrUQMARY=
23,24,k0MLtCMB26Fu3aCKJ8MgdTdAjqI=,E9r4JOjnkRw8mABi4WiXrUQMARY=
31,28,k0MLtCMB26Fu3aCKJ8MgdTdAjqI=,E9r4JOjnkRw8mABi4WiXrUQMARY=
29,28,k0MLtCMB26Fu3aCKJ8MgdTdAjqI=,E9r4JOjnkRw8mABi4WiXrUQMARY=
22,18,k0MLtCMB26Fu3aCKJ8MgdTdAjqI=,E9r4JOjnkRw8mABi4WiXrUQMARY=
23,17,k0MLtCMB26Fu3aCKJ8MgdTdAjqI=,E9r4JOjnkRw8mABi4WiXrUQMARY=
22,20,k0MLtCMB26Fu3aCKJ8MgdTdAjqI=,E9r4JOjnkRw8mABi4WiXrUQMARY=
18,20,k0MLtCMB26Fu3aCKJ8MgdTdAjqI=,E9r4JOjnkRw8mABi4WiXrUQMARY=
31,27,k0MLtCMB26Fu3aCKJ8MgdTdAjqI=,E9r4JOjnkRw8mABi4WiXrUQMARY=
22,17,k0MLtCMB26Fu3aCKJ8MgdTdAjqI=,E9r4JOjnkRw8mABi4WiXrUQMARY=
29,26,k0MLtCMB26Fu3aCKJ8MgdTdAjqI=,E9r4JOjnkRw8mABi4WiXrUQMARY=
22,24,k0MLtCMB26Fu3aCKJ8MgdTdAjqI=,E9r4JOjnkRw8mABi4WiXrUQMARY=
20,24,k0MLtCMB26Fu3aCKJ8MgdTdAjqI=,E9r4JOjnkRw8mABi4WiXrUQMARY=
21,24,k0MLtCMB26Fu3aCKJ8MgdTdAjqI=,E9r4JOjnkRw8mABi4WiXrUQMARY=
22,16,k0MLtCMB26Fu3aCKJ8MgdTdAjqI=,E9r4JOjnkRw8mABi4WiXrUQMARY=
24,18,k0MLtCMB26Fu3aCKJ8MgdTdAjqI=,E9r4JOjnkRw8mABi4WiXrUQMARY=
29,30,k0MLtCMB26Fu3aCKJ8MgdTdAjqI=,E9r4JOjnkRw8mABi4WiXrUQMARY=
19,24,k0MLtCMB26Fu3aCKJ8MgdTdAjqI=,E9r4JOjnkRw8mABi4WiXrUQMARY=
24,19,k0MLtCMB26Fu3aCKJ8MgdTdAjqI=,E9r4JOjnkRw8mABi4WiXrUQMARY=
18,24,k0MLtCMB26Fu3aCKJ8MgdTdAjqI=,E9r4JOjnkRw8mABi4WiXrUQMARY=
17,24,k0MLtCMB26Fu3aCKJ8MgdTdAjqI=,E9r4JOjnkRw8mABi4WiXrUQMARY=
16,24,k0MLtCMB26Fu3aCKJ8MgdTdAjqI=,E9r4JOjnkRw8mABi4WiXrUQMARY=
19,19,k0MLtCMB26Fu3aCKJ8MgdTdAjqI=,E9r4JOjnkRw8mABi4WiXrUQMARY=
20,19,k0MLtCMB26Fu3aCKJ8MgdTdAjqI=,E9r4JOjnkRw8mABi4WiXrUQMARY=
23,23,k0MLtCMB26Fu3aCKJ8MgdTdAjqI=,E9r4JOjnkRw8mABi4WiXrUQMARY=
22,23,k0MLtCMB26Fu3aCKJ8MgdTdAjqI=,E9r4JOjnkRw8mABi4WiXrUQMARY=
27,22,k0MLtCMB26Fu3aCKJ8MgdTdAjqI=,E9r4JOjnkRw8mABi4WiXrUQMARY=
17,18,k0MLtCMB26Fu3aCKJ8MgdTdAjqI=,E9r4JOjnkRw8mABi4WiXrUQMARY=
18,19,k0MLtCMB26Fu3aCKJ8MgdTdAjqI=,E9r4JOjnkRw8mABi4WiXrUQMARY=
26,21,k0MLtCMB26Fu3aCKJ8MgdTdAjqI=,E9r4JOjnkRw8mABi4WiXrUQMARY=
24,22,k0MLtCMB26Fu3aCKJ8MgdTdAjqI=,E9r4JOjnkRw8mABi4WiXrUQMARY=
31,30,k0MLtCMB26Fu3aCKJ8MgdTdAjqI=,E9r4JOjnkRw8mABi4WiXrUQMARY=
21,19,k0MLtCMB26Fu3aCKJ8MgdTdAjqI=,E9r4JOjnkRw8mABi4WiXrUQMARY=
20,16,k0MLtCMB26Fu3aCKJ8MgdTdAjqI=,E9r4JOjnkRw8mABi4WiXrUQMARY=
24,21,k0MLtCMB26Fu3aCKJ8MgdTdAjqI=,E9r4JOjnkRw8mABi4WiXrUQMARY=
21,18,k0MLtCMB26Fu3aCKJ8MgdTdAjqI=,E9r4JOjnkRw8mABi4WiXrUQMARY=
27,26,k0MLtCMB26Fu3aCKJ8MgdTdAjqI=,E9r4JOjnkRw8mABi4WiXrUQMARY=
21,17,k0MLtCMB26Fu3aCKJ8MgdTdAjqI=,E9r4JOjnkRw8mABi4WiXrUQMARY=
28,24,k0MLtCMB26Fu3aCKJ8MgdTdAjqI=,E9r4JOjnkRw8mABi4WiXrUQMARY=
25,23,k0MLtCMB26Fu3aCKJ8MgdTdAjqI=,E9r4JOjnkRw8mABi4WiXrUQMARY=
25,20,k0MLtCMB26Fu3aCKJ8MgdTdAjqI=,E9r4JOjnkRw8mABi4WiXrUQMARY=
31,31,k0MLtCMB26Fu3aCKJ8MgdTdAjqI=,E9r4JOjnkRw8mABi4WiXrUQMARY=
21,16,k0MLtCMB26Fu3aCKJ8MgdTdAjqI=,E9r4JOjnkRw8mABi4WiXrUQMARY=
21,20,k0MLtCMB26Fu3aCKJ8MgdTdAjqI=,E9r4JOjnkRw8mABi4WiXrUQMARY=
20,18,k0MLtCMB26Fu3aCKJ8MgdTdAjqI=,E9r4JOjnkRw8mABi4WiXrUQMARY=
26,22,k0MLtCMB26Fu3aCKJ8MgdTdAjqI=,E9r4JOjnkRw8mABi4WiXrUQMARY=
30,30,k0MLtCMB26Fu3aCKJ8MgdTdAjqI=,E9r4JOjnkRw8mABi4WiXrUQMARY=
25,22,k0MLtCMB26Fu3aCKJ8MgdTdAjqI=,E9r4JOjnkRw8mABi4WiXrUQMARY=
21,22,k0MLtCMB26Fu3aCKJ8MgdTdAjqI=,E9r4JOjnkRw8mABi4WiXrUQMARY=
24,20,k0MLtCMB26Fu3aCKJ8MgdTdAjqI=,E9r4JOjnkRw8mABi4WiXrUQMARY=
25,21,k0MLtCMB26Fu3aCKJ8MgdTdAjqI=,E9r4JOjnkRw8mABi4WiXrUQMARY=
30,27,k0MLtCMB26Fu3aCKJ8MgdTdAjqI=,E9r4JOjnkRw8mABi4WiXrUQMARY=
20,20,k0MLtCMB26Fu3aCKJ8MgdTdAjqI=,E9r4JOjnkRw8mABi4WiXrUQMARY=
23,21,k0MLtCMB26Fu3aCKJ8MgdTdAjqI=,E9r4JOjnkRw8mABi4WiXrUQMARY=
30,31,k0MLtCMB26Fu3aCKJ8MgdTdAjqI=,E9r4JOjnkRw8mABi4WiXrUQMARY=
23,22,k0MLtCMB26Fu3aCKJ8MgdTdAjqI=,E9r4JOjnkRw8mABi4WiXrUQMARY=
25,24,k0MLtCMB26Fu3aCKJ8MgdTdAjqI=,E9r4JOjnkRw8mABi4WiXrUQMARY=
22,21,k0MLtCMB26Fu3aCKJ8MgdTdAjqI=,E9r4JOjnkRw8mABi4WiXrUQMARY=
26,27,k0MLtCMB26Fu3aCKJ8MgdTdAjqI=,E9r4JOjnkRw8mABi4WiXrUQMARY=
24,25,k0MLtCMB26Fu3aCKJ8MgdTdAjqI=,E9r4JOjnkRw8mABi4WiXrUQMARY=
26,24,k0MLtCMB26Fu3aCKJ8MgdTdAjqI=,E9r4JOjnkRw8mABi4WiXrUQMARY=
22,22,k0MLtCMB26Fu3aCKJ8MgdTdAjqI=,E9r4JOjnkRw8mABi4WiXrUQMARY=
20,21,k0MLtCMB26Fu3aCKJ8MgdTdAjqI=,E9r4JOjnkRw8mABi4WiXrUQMARY=
24,26,k0MLtCMB26Fu3aCKJ8MgdTdAjqI=,E9r4JOjnkRw8mABi4WiXrUQMARY=
25,26,k0MLtCMB26Fu3aCKJ8MgdTdAjqI=,E9r4JOjnkRw8mABi4WiXrUQMARY=
25,25,k0MLtCMB26Fu3aCKJ8MgdTdAjqI=,E9r4JOjnkRw8mABi4WiXrUQMARY=
26,26,k0MLtCMB26Fu3aCKJ8MgdTdAjqI=,E9r4JOjnkRw8mABi4WiXrUQMARY=
20,17,k0MLtCMB26Fu3aCKJ8MgdTdAjqI=,E9r4JOjnkRw8mABi4WiXrUQMARY=
27,27,k0MLtCMB26Fu3aCKJ8MgdTdAjqI=,E9r4JOjnkRw8mABi4WiXrUQMARY=
19,16,k0MLtCMB26Fu3aCKJ8MgdTdAjqI=,E9r4JOjnkRw8mABi4WiXrUQMARY=
18,16,k0MLtCMB26Fu3aCKJ8MgdTdAjqI=,E9r4JOjnkRw8mABi4WiXrUQMARY=
26,25,k0MLtCMB26Fu3aCKJ8MgdTdAjqI=,E9r4JOjnkRw8mABi4WiXrUQMARY=
21,21,k0MLtCMB26Fu3aCKJ8MgdTdAjqI=,E9r4JOjnkRw8mABi4WiXrUQMARY=
27,23,k0MLtCMB26Fu3aCKJ8MgdTdAjqI=,E9r4JOjnkRw8mABi4WiXrUQMARY=
26,23,k0MLtCMB26Fu3aCKJ8MgdTdAjqI=,E9r4JOjnkRw8mABi4WiXrUQMARY=
17,16,k0MLtCMB26Fu3aCKJ8MgdTdAjqI=,E9r4JOjnkRw8mABi4WiXrUQMARY=
27,25,k0MLtCMB26Fu3aCKJ8MgdTdAjqI=,E9r4JOjnkRw8mABi4WiXrUQMARY=
27,24,k0MLtCMB26Fu3aCKJ8MgdTdAjqI=,E9r4JOjnkRw8mABi4WiXrUQMARY=
28,10,k0MLtCMB26Fu3aCKJ8MgdTdAjqI=,E9r4JOjnkRw8mABi4WiXrUQMARY=
29,10,k0MLtCMB26Fu3aCKJ8MgdTdAjqI=,E9r4JOjnkRw8mABi4WiXrUQMARY=
30,10,k0MLtCMB26Fu3aCKJ8MgdTdAjqI=,E9r4JOjnkRw8mABi4WiXrUQMARY=
25,11,k0MLtCMB26Fu3aCKJ8MgdTdAjqI=,E9r4JOjnkRw8mABi4WiXrUQMARY=
27,10,k0MLtCMB26Fu3aCKJ8MgdTdAjqI=,E9r4JOjnkRw8mABi4WiXrUQMARY=
26,10,k0MLtCMB26Fu3aCKJ8MgdTdAjqI=,E9r4JOjnkRw8mABi4WiXrUQMARY=
25,10,k0MLtCMB26Fu3aCKJ8MgdTdAjqI=,E9r4JOjnkRw8mABi4WiXrUQMARY=
30,9,k0MLtCMB26Fu3aCKJ8MgdTdAjqI=,E9r4JOjnkRw8mABi4WiXrUQMARY=
29,9,k0MLtCMB26Fu3aCKJ8MgdTdAjqI=,E9r4JOjnkRw8mABi4WiXrUQMARY=
28,9,k0MLtCMB26Fu3aCKJ8MgdTdAjqI=,E9r4JOjnkRw8mABi4WiXrUQMARY=
27,9,k0MLtCMB26Fu3aCKJ8MgdTdAjqI=,E9r4JOjnkRw8mABi4WiXrUQMARY=
26,9,k0MLtCMB26Fu3aCKJ8MgdTdAjqI=,E9r4JOjnkRw8mABi4WiXrUQMARY=
29,14,k0MLtCMB26Fu3aCKJ8MgdTdAjqI=,E9r4JOjnkRw8mABi4WiXrUQMARY=
25,9,k0MLtCMB26Fu3aCKJ8MgdTdAjqI=,E9r4JOjnkRw8mABi4WiXrUQMARY=
28,14,k0MLtCMB26Fu3aCKJ8MgdTdAjqI=,E9r4JOjnkRw8mABi4WiXrUQMARY=
27,14,k0MLtCMB26Fu3aCKJ8MgdTdAjqI=,E9r4JOjnkRw8mABi4WiXrUQMARY=
26,14,k0MLtCMB26Fu3aCKJ8MgdTdAjqI=,E9r4JOjnkRw8mABi4WiXrUQMARY=
25,14,k0MLtCMB26Fu3aCKJ8MgdTdAjqI=,E9r4JOjnkRw8mABi4WiXrUQMARY=
26,11,k0MLtCMB26Fu3aCKJ8MgdTdAjqI=,E9r4JOjnkRw8mABi4WiXrUQMARY=
27,11,k0MLtCMB26Fu3aCKJ8MgdTdAjqI=,E9r4JOjnkRw8mABi4WiXrUQMARY=
28,11,k0MLtCMB26Fu3aCKJ8MgdTdAjqI=,E9r4JOjnkRw8mABi4WiXrUQMARY=
29,11,k0MLtCMB26Fu3aCKJ8MgdTdAjqI=,E9r4JOjnkRw8mABi4WiXrUQMARY=
30,11,k0MLtCMB26Fu3aCKJ8MgdTdAjqI=,E9r4JOjnkRw8mABi4WiXrUQMARY=
25,12,k0MLtCMB26Fu3aCKJ8MgdTdAjqI=,E9r4JOjnkRw8mABi4WiXrUQMARY=
26,12,k0MLtCMB26Fu3aCKJ8MgdTdAjqI=,E9r4JOjnkRw8mABi4WiXrUQMARY=
27,12,k0MLtCMB26Fu3aCKJ8MgdTdAjqI=,E9r4JOjnkRw8mABi4WiXrUQMARY=
28,12,k0MLtCMB26Fu3aCKJ8MgdTdAjqI=,E9r4JOjnkRw8mABi4WiXrUQMARY=
29,12,k0MLtCMB26Fu3aCKJ8MgdTdAjqI=,E9r4JOjnkRw8mABi4WiXrUQMARY=
25,13,k0MLtCMB26Fu3aCKJ8MgdTdAjqI=,E9r4JOjnkRw8mABi4WiXrUQMARY=
29,13,k0MLtCMB26Fu3aCKJ8MgdTdAjqI=,E9r4JOjnkRw8mABi4WiXrUQMARY=
28,13,k0MLtCMB26Fu3aCKJ8MgdTdAjqI=,E9r4JOjnkRw8mABi4WiXrUQMARY=
27,13,k0MLtCMB26Fu3aCKJ8MgdTdAjqI=,E9r4JOjnkRw8mABi4WiXrUQMARY=
26,13,k0MLtCMB26Fu3aCKJ8MgdTdAjqI=,E9r4JOjnkRw8mABi4WiXrUQMARY=
17,10,k0MLtCMB26Fu3aCKJ8MgdTdAjqI=,E9r4JOjnkRw8mABi4WiXrUQMARY=
23,9,k0MLtCMB26Fu3aCKJ8MgdTdAjqI=,E9r4JOjnkRw8mABi4WiXrUQMARY=
22,9,k0MLtCMB26Fu3aCKJ8MgdTdAjqI=,E9r4JOjnkRw8mABi4WiXrUQMARY=
24,10,k0MLtCMB26Fu3aCKJ8MgdTdAjqI=,E9r4JOjnkRw8mABi4WiXrUQMARY=
21,9,k0MLtCMB26Fu3aCKJ8MgdTdAjqI=,E9r4JOjnkRw8mABi4WiXrUQMARY=
20,9,k0MLtCMB26Fu3aCKJ8MgdTdAjqI=,E9r4JOjnkRw8mABi4WiXrUQMARY=
19,9,k0MLtCMB26Fu3aCKJ8MgdTdAjqI=,E9r4JOjnkRw8mABi4WiXrUQMARY=
18,9,k0MLtCMB26Fu3aCKJ8MgdTdAjqI=,E9r4JOjnkRw8mABi4WiXrUQMARY=
24,14,k0MLtCMB26Fu3aCKJ8MgdTdAjqI=,E9r4JOjnkRw8mABi4WiXrUQMARY=
17,9,k0MLtCMB26Fu3aCKJ8MgdTdAjqI=,E9r4JOjnkRw8mABi4WiXrUQMARY=
24,9,k0MLtCMB26Fu3aCKJ8MgdTdAjqI=,E9r4JOjnkRw8mABi4WiXrUQMARY=
24,13,k0MLtCMB26Fu3aCKJ8MgdTdAjqI=,E9r4JOjnkRw8mABi4WiXrUQMARY=
24,12,k0MLtCMB26Fu3aCKJ8MgdTdAjqI=,E9r4JOjnkRw8mABi4WiXrUQMARY=
23,14,F4utyo7TtNn2hIoCecBCzOGjemA=,E9r4JOjnkRw8mABi4WiXrUQMARY=
22,14,F4utyo7TtNn2hIoCecBCzOGjemA=,E9r4JOjnkRw8mABi4WiXrUQMARY=
21,14,F4utyo7TtNn2hIoCecBCzOGjemA=,E9r4JOjnkRw8mABi4WiXrUQMARY=
20,14,F4utyo7TtNn2hIoCecBCzOGjemA=,E9r4JOjnkRw8mABi4WiXrUQMARY=
24,11,F4utyo7TtNn2hIoCecBCzOGjemA=,E9r4JOjnkRw8mABi4WiXrUQMARY=
23,13,F4utyo7TtNn2hIoCecBCzOGjemA=,E9r4JOjnkRw8mABi4WiXrUQMARY=
22,13,F4utyo7TtNn2hIoCecBCzOGjemA=,E9r4JOjnkRw8mABi4WiXrUQMARY=
20,13,F4utyo7TtNn2hIoCecBCzOGjemA=,E9r4JOjnkRw8mABi4WiXrUQMARY=
19,13,F4utyo7TtNn2hIoCecBCzOGjemA=,E9r4JOjnkRw8mABi4WiXrUQMARY=
23,12,F4utyo7TtNn2hIoCecBCzOGjemA=,E9r4JOjnkRw8mABi4WiXrUQMARY=
22,12,F4utyo7TtNn2hIoCecBCzOGjemA=,E9r4JOjnkRw8mABi4WiXrUQMARY=
21,12,F4utyo7TtNn2hIoCecBCzOGjemA=,E9r4JOjnkRw8mABi4WiXrUQMARY=
20,12,F4utyo7TtNn2hIoCecBCzOGjemA=,E9r4JOjnkRw8mABi4WiXrUQMARY=
19,12,F4utyo7TtNn2hIoCecBCzOGjemA=,E9r4JOjnkRw8mABi4WiXrUQMARY=
23,11,F4utyo7TtNn2hIoCecBCzOGjemA=,E9r4JOjnkRw8mABi4WiXrUQMARY=
22,11,F4utyo7TtNn2hIoCecBCzOGjemA=,E9r4JOjnkRw8mABi4WiXrUQMARY=
21,11,F4utyo7TtNn2hIoCecBCzOGjemA=,E9r4JOjnkRw8mABi4WiXrUQMARY=
20,11,F4utyo7TtNn2hIoCecBCzOGjemA=,E9r4JOjnkRw8mABi4WiXrUQMARY=
19,11,F4utyo7TtNn2hIoCecBCzOGjemA=,E9r4JOjnkRw8mABi4WiXrUQMARY=
18,11,F4utyo7TtNn2hIoCecBCzOGjemA=,E9r4JOjnkRw8mABi4WiXrUQMARY=
17,11,F4utyo7TtNn2hIoCecBCzOGjemA=,E9r4JOjnkRw8mABi4WiXrUQMARY=
23,10,F4utyo7TtNn2hIoCecBCzOGjemA=,E9r4JOjnkRw8mABi4WiXrUQMARY=
22,10,F4utyo7TtNn2hIoCecBCzOGjemA=,E9r4JOjnkRw8mABi4WiXrUQMARY=
21,10,F4utyo7TtNn2hIoCecBCzOGjemA=,E9r4JOjnkRw8mABi4WiXrUQMARY=
20,10,F4utyo7TtNn2hIoCecBCzOGjemA=,E9r4JOjnkRw8mABi4WiXrUQMARY=
19,10,F4utyo7TtNn2hIoCecBCzOGjemA=,E9r4JOjnkRw8mABi4WiXrUQMARY=
18,10,F4utyo7TtNn2hIoCecBCzOGjemA=,E9r4JOjnkRw8mABi4WiXrUQMARY=
21,13,F4utyo7TtNn2hIoCecBCzOGjemA=,E9r4JOjnkRw8mABi4WiXrUQMARY=
31,10,F4utyo7TtNn2hIoCecBCzOGjemA=,E9r4JOjnkRw8mABi4WiXrUQMARY=
31,9,F4utyo7TtNn2hIoCecBCzOGjemA=,E9r4JOjnkRw8mABi4WiXrUQMARY=
31,11,F4utyo7TtNn2hIoCecBCzOGjemA=,E9r4JOjnkRw8mABi4WiXrUQMARY=
21,4,F4utyo7TtNn2hIoCecBCzOGjemA=,E9r4JOjnkRw8mABi4WiXrUQMARY=
22,4,F4utyo7TtNn2hIoCecBCzOGjemA=,E9r4JOjnkRw8mABi4WiXrUQMARY=
22,5,F4utyo7TtNn2hIoCecBCzOGjemA=,E9r4JOjnkRw8mABi4WiXrUQMARY=
22,8,F4utyo7TtNn2hIoCecBCzOGjemA=,E9r4JOjnkRw8mABi4WiXrUQMARY=
17,6,F4utyo7TtNn2hIoCecBCzOGjemA=,E9r4JOjnkRw8mABi4WiXrUQMARY=
18,6,F4utyo7TtNn2hIoCecBCzOGjemA=,E9r4JOjnkRw8mABi4WiXrUQMARY=
18,5,F4utyo7TtNn2hIoCecBCzOGjemA=,E9r4JOjnkRw8mABi4WiXrUQMARY=
19,6,F4utyo7TtNn2hIoCecBCzOGjemA=,E9r4JOjnkRw8mABi4WiXrUQMARY=
22,6,F4utyo7TtNn2hIoCecBCzOGjemA=,E9r4JOjnkRw8mABi4WiXrUQMARY=
19,5,F4utyo7TtNn2hIoCecBCzOGjemA=,E9r4JOjnkRw8mABi4WiXrUQMARY=
17,7,F4utyo7TtNn2hIoCecBCzOGjemA=,E9r4JOjnkRw8mABi4WiXrUQMARY=
20,5,F4utyo7TtNn2hIoCecBCzOGjemA=,E9r4JOjnkRw8mABi4WiXrUQMARY=
18,7,F4utyo7TtNn2hIoCecBCzOGjemA=,E9r4JOjnkRw8mABi4WiXrUQMARY=
17,8,F4utyo7TtNn2hIoCecBCzOGjemA=,E9r4JOjnkRw8mABi4WiXrUQMARY=
19,7,F4utyo7TtNn2hIoCecBCzOGjemA=,E9r4JOjnkRw8mABi4WiXrUQMARY=
20,7,F4utyo7TtNn2hIoCecBCzOGjemA=,E9r4JOjnkRw8mABi4WiXrUQMARY=
18,8,F4utyo7TtNn2hIoCecBCzOGjemA=,E9r4JOjnkRw8mABi4WiXrUQMARY=
21,5,F4utyo7TtNn2hIoCecBCzOGjemA=,E9r4JOjnkRw8mABi4WiXrUQMARY=
21,7,F4utyo7TtNn2hIoCecBCzOGjemA=,E9r4JOjnkRw8mABi4WiXrUQMARY=
19,8,F4utyo7TtNn2hIoCecBCzOGjemA=,E9r4JOjnkRw8mABi4WiXrUQMARY=
20,6,F4utyo7TtNn2hIoCecBCzOGjemA=,E9r4JOjnkRw8mABi4WiXrUQMARY=
21,8,F4utyo7TtNn2hIoCecBCzOGjemA=,E9r4JOjnkRw8mABi4WiXrUQMARY=
20,8,F4utyo7TtNn2hIoCecBCzOGjemA=,E9r4JOjnkRw8mABi4WiXrUQMARY=
21,6,F4utyo7TtNn2hIoCecBCzOGjemA=,E9r4JOjnkRw8mABi4WiXrUQMARY=
22,7,F4utyo7TtNn2hIoCecBCzOGjemA=,E9r4JOjnkRw8mABi4WiXrUQMARY=
16,9,F4utyo7TtNn2hIoCecBCzOGjemA=,E9r4JOjnkRw8mABi4WiXrUQMARY=
16,8,F4utyo7TtNn2hIoCecBCzOGjemA=,E9r4JOjnkRw8mABi4WiXrUQMARY=
16,7,F4utyo7TtNn2hIoCecBCzOGjemA=,E9r4JOjnkRw8mABi4WiXrUQMARY=
16,6,F4utyo7TtNn2hIoCecBCzOGjemA=,E9r4JOjnkRw8mABi4WiXrUQMARY=
23,4,F4utyo7TtNn2hIoCecBCzOGjemA=,E9r4JOjnkRw8mABi4WiXrUQMARY=
16,10,F4utyo7TtNn2hIoCecBCzOGjemA=,E9r4JOjnkRw8mABi4WiXrUQMARY=
17,5,F4utyo7TtNn2hIoCecBCzOGjemA=,E9r4JOjnkRw8mABi4WiXrUQMARY=
27,7,F4utyo7TtNn2hIoCecBCzOGjemA=,E9r4JOjnkRw8mABi4WiXrUQMARY=
23,7,F4utyo7TtNn2hIoCecBCzOGjemA=,E9r4JOjnkRw8mABi4WiXrUQMARY=
26,7,F4utyo7TtNn2hIoCecBCzOGjemA=,E9r4JOjnkRw8mABi4WiXrUQMARY=
25,7,F4utyo7TtNn2hIoCecBCzOGjemA=,E9r4JOjnkRw8mABi4WiXrUQMARY=
24,7,F4utyo7TtNn2hIoCecBCzOGjemA=,E9r4JOjnkRw8mABi4WiXrUQMARY=
23,8,F4utyo7TtNn2hIoCecBCzOGjemA=,E9r4JOjnkRw8mABi4WiXrUQMARY=
28,6,F4utyo7TtNn2hIoCecBCzOGjemA=,E9r4JOjnkRw8mABi4WiXrUQMARY=
27,6,F4utyo7TtNn2hIoCecBCzOGjemA=,E9r4JOjnkRw8mABi4WiXrUQMARY=
26,6,F4utyo7TtNn2hIoCecBCzOGjemA=,E9r4JOjnkRw8mABi4WiXrUQMARY=
25,6,F4utyo7TtNn2hIoCecBCzOGjemA=,E9r4JOjnkRw8mABi4WiXrUQMARY=
24,6,F4utyo7TtNn2hIoCecBCzOGjemA=,E9r4JOjnkRw8mABi4WiXrUQMARY=
23,5,F4utyo7TtNn2hIoCecBCzOGjemA=,E9r4JOjnkRw8mABi4WiXrUQMARY=
28,7,F4utyo7TtNn2hIoCecBCzOGjemA=,E9r4JOjnkRw8mABi4WiXrUQMARY=
25,15,F4utyo7TtNn2hIoCecBCzOGjemA=,E9r4JOjnkRw8mABi4WiXrUQMARY=
26,15,F4utyo7TtNn2hIoCecBCzOGjemA=,E9r4JOjnkRw8mABi4WiXrUQMARY=
27,15,F4utyo7TtNn2hIoCecBCzOGjemA=,E9r4JOjnkRw8mABi4WiXrUQMARY=
28,15,F4utyo7TtNn2hIoCecBCzOGjemA=,E9r4JOjnkRw8mABi4WiXrUQMARY=
29,15,F4utyo7TtNn2hIoCecBCzOGjemA=,E9r4JOjnkRw8mABi4WiXrUQMARY=
30,15,F4utyo7TtNn2hIoCecBCzOGjemA=,E9r4JOjnkRw8mABi4WiXrUQMARY=
19,4,F4utyo7TtNn2hIoCecBCzOGjemA=,E9r4JOjnkRw8mABi4WiXrUQMARY=
29,7,F4utyo7TtNn2hIoCecBCzOGjemA=,E9r4JOjnkRw8mABi4WiXrUQMARY=
30,7,F4utyo7TtNn2hIoCecBCzOGjemA=,E9r4JOjnkRw8mABi4WiXrUQMARY=
23,6,F4utyo7TtNn2hIoCecBCzOGjemA=,E9r4JOjnkRw8mABi4WiXrUQMARY=
31,7,F4utyo7TtNn2hIoCecBCzOGjemA=,E9r4JOjnkRw8mABi4WiXrUQMARY=
24,8,F4utyo7TtNn2hIoCecBCzOGjemA=,E9r4JOjnkRw8mABi4WiXrUQMARY=
25,8,F4utyo7TtNn2hIoCecBCzOGjemA=,E9r4JOjnkRw8mABi4WiXrUQMARY=
26,8,F4utyo7TtNn2hIoCecBCzOGjemA=,E9r4JOjnkRw8mABi4WiXrUQMARY=
27,8,F4utyo7TtNn2hIoCecBCzOGjemA=,E9r4JOjnkRw8mABi4WiXrUQMARY=
23,1,F4utyo7TtNn2hIoCecBCzOGjemA=,E9r4JOjnkRw8mABi4WiXrUQMARY=
23,2,F4utyo7TtNn2hIoCecBCzOGjemA=,E9r4JOjnkRw8mABi4WiXrUQMARY=
16,5,F4utyo7TtNn2hIoCecBCzOGjemA=,E9r4JOjnkRw8mABi4WiXrUQMARY=
28,5,F4utyo7TtNn2hIoCecBCzOGjemA=,E9r4JOjnkRw8mABi4WiXrUQMARY=
27,5,F4utyo7TtNn2hIoCecBCzOGjemA=,E9r4JOjnkRw8mABi4WiXrUQMARY=
16,11,F4utyo7TtNn2hIoCecBCzOGjemA=,E9r4JOjnkRw8mABi4WiXrUQMARY=
18,4,F4utyo7TtNn2hIoCecBCzOGjemA=,E9r4JOjnkRw8mABi4WiXrUQMARY=
26,5,F4utyo7TtNn2hIoCecBCzOGjemA=,E9r4JOjnkRw8mABi4WiXrUQMARY=
25,5,F4utyo7TtNn2hIoCecBCzOGjemA=,E9r4JOjnkRw8mABi4WiXrUQMARY=
24,5,F4utyo7TtNn2hIoCecBCzOGjemA=,E9r4JOjnkRw8mABi4WiXrUQMARY=
31,15,F4utyo7TtNn2hIoCecBCzOGjemA=,E9r4JOjnkRw8mABi4WiXrUQMARY=
30,14,F4utyo7TtNn2hIoCecBCzOGjemA=,E9r4JOjnkRw8mABi4WiXrUQMARY=
16,1,F4utyo7TtNn2hIoCecBCzOGjemA=,E9r4JOjnkRw8mABi4WiXrUQMARY=
30,12,F4utyo7TtNn2hIoCecBCzOGjemA=,E9r4JOjnkRw8mABi4WiXrUQMARY=
17,4,F4utyo7TtNn2hIoCecBCzOGjemA=,E9r4JOjnkRw8mABi4WiXrUQMARY=
28,4,F4utyo7TtNn2hIoCecBCzOGjemA=,E9r4JOjnkRw8mABi4WiXrUQMARY=
29,4,F4utyo7TtNn2hIoCecBCzOGjemA=,E9r4JOjnkRw8mABi4WiXrUQMARY=
27,4,F4utyo7TtNn2hIoCecBCzOGjemA=,E9r4JOjnkRw8mABi4WiXrUQMARY=
30,13,F4utyo7TtNn2hIoCecBCzOGjemA=,E9r4JOjnkRw8mABi4WiXrUQMARY=
26,4,F4utyo7TtNn2hIoCecBCzOGjemA=,E9r4JOjnkRw8mABi4WiXrUQMARY=
25,4,F4utyo7TtNn2hIoCecBCzOGjemA=,E9r4JOjnkRw8mABi4WiXrUQMARY=
24,4,F4utyo7TtNn2hIoCecBCzOGjemA=,E9r4JOjnkRw8mABi4WiXrUQMARY=
16,0,F4utyo7TtNn2hIoCecBCzOGjemA=,E9r4JOjnkRw8mABi4WiXrUQMARY=
22,15,F4utyo7TtNn2hIoCecBCzOGjemA=,E9r4JOjnkRw8mABi4WiXrUQMARY=
23,15,F4utyo7TtNn2hIoCecBCzOGjemA=,E9r4JOjnkRw8mABi4WiXrUQMARY=
24,15,F4utyo7TtNn2hIoCecBCzOGjemA=,E9r4JOjnkRw8mABi4WiXrUQMARY=
28,3,F4utyo7TtNn2hIoCecBCzOGjemA=,E9r4JOjnkRw8mABi4WiXrUQMARY=
26,3,F4utyo7TtNn2hIoCecBCzOGjemA=,E9r4JOjnkRw8mABi4WiXrUQMARY=
25,3,F4utyo7TtNn2hIoCecBCzOGjemA=,E9r4JOjnkRw8mABi4WiXrUQMARY=
24,3,F4utyo7TtNn2hIoCecBCzOGjemA=,E9r4JOjnkRw8mABi4WiXrUQMARY=
27,3,F4utyo7TtNn2hIoCecBCzOGjemA=,E9r4JOjnkRw8mABi4WiXrUQMARY=
21,15,F4utyo7TtNn2hIoCecBCzOGjemA=,E9r4JOjnkRw8mABi4WiXrUQMARY=
18,0,F4utyo7TtNn2hIoCecBCzOGjemA=,E9r4JOjnkRw8mABi4WiXrUQMARY=
29,3,F4utyo7TtNn2hIoCecBCzOGjemA=,E9r4JOjnkRw8mABi4WiXrUQMARY=
19,2,F4utyo7TtNn2hIoCecBCzOGjemA=,E9r4JOjnkRw8mABi4WiXrUQMARY=
18,1,F4utyo7TtNn2hIoCecBCzOGjemA=,E9r4JOjnkRw8mABi4WiXrUQMARY=
17,0,F4utyo7TtNn2hIoCecBCzOGjemA=,E9r4JOjnkRw8mABi4WiXrUQMARY=
17,1,F4utyo7TtNn2hIoCecBCzOGjemA=,E9r4JOjnkRw8mABi4WiXrUQMARY=
31,0,F4utyo7TtNn2hIoCecBCzOGjemA=,E9r4JOjnkRw8mABi4WiXrUQMARY=
27,2,F4utyo7TtNn2hIoCecBCzOGjemA=,E9r4JOjnkRw8mABi4WiXrUQMARY=
25,2,F4utyo7TtNn2hIoCecBCzOGjemA=,E9r4JOjnkRw8mABi4WiXrUQMARY=
31,8,F4utyo7TtNn2hIoCecBCzOGjemA=,E9r4JOjnkRw8mABi4WiXrUQMARY=
18,2,F4utyo7TtNn2hIoCecBCzOGjemA=,E9r4JOjnkRw8mABi4WiXrUQMARY=
19,1,F4utyo7TtNn2hIoCecBCzOGjemA=,E9r4JOjnkRw8mABi4WiXrUQMARY=
23,3,F4utyo7TtNn2hIoCecBCzOGjemA=,E9r4JOjnkRw8mABi4WiXrUQMARY=
17,2,F4utyo7TtNn2hIoCecBCzOGjemA=,E9r4JOjnkRw8mABi4WiXrUQMARY=
30,0,F4utyo7TtNn2hIoCecBCzOGjemA=,E9r4JOjnkRw8mABi4WiXrUQMARY=
30,8,F4utyo7TtNn2hIoCecBCzOGjemA=,E9r4JOjnkRw8mABi4WiXrUQMARY=
29,8,F4utyo7TtNn2hIoCecBCzOGjemA=,E9r4JOjnkRw8mABi4WiXrUQMARY=
23,0,F4utyo7TtNn2hIoCecBCzOGjemA=,E9r4JOjnkRw8mABi4WiXrUQMARY=
26,2,F4utyo7TtNn2hIoCecBCzOGjemA=,E9r4JOjnkRw8mABi4WiXrUQMARY=
31,2,F4utyo7TtNn2hIoCecBCzOGjemA=,E9r4JOjnkRw8mABi4WiXrUQMARY=
24,2,I2XsXfw7A7ED7WqV1yiQuAZBx4o=,E9r4JOjnkRw8mABi4WiXrUQMARY=
22,1,I2XsXfw7A7ED7WqV1yiQuAZBx4o=,E9r4JOjnkRw8mABi4WiXrUQMARY=
31,14,I2XsXfw7A7ED7WqV1yiQuAZBx4o=,E9r4JOjnkRw8mABi4WiXrUQMARY=
28,2,I2XsXfw7A7ED7WqV1yiQuAZBx4o=,E9r4JOjnkRw8mABi4WiXrUQMARY=
19,3,I2XsXfw7A7ED7WqV1yiQuAZBx4o=,E9r4JOjnkRw8mABi4WiXrUQMARY=
30,2,I2XsXfw7A7ED7WqV1yiQuAZBx4o=,E9r4JOjnkRw8mABi4WiXrUQMARY=
16,4,I2XsXfw7A7ED7WqV1yiQuAZBx4o=,E9r4JOjnkRw8mABi4WiXrUQMARY=
30,4,I2XsXfw7A7ED7WqV1yiQuAZBx4o=,E9r4JOjnkRw8mABi4WiXrUQMARY=
30,3,I2XsXfw7A7ED7WqV1yiQuAZBx4o=,E9r4JOjnkRw8mABi4WiXrUQMARY=
19,14,I2XsXfw7A7ED7WqV1yiQuAZBx4o=,E9r4JOjnkRw8mABi4WiXrUQMARY=
16,2,I2XsXfw7A7ED7WqV1yiQuAZBx4o=,E9r4JOjnkRw8mABi4WiXrUQMARY=
19,0,I2XsXfw7A7ED7WqV1yiQuAZBx4o=,E9r4JOjnkRw8mABi4WiXrUQMARY=
22,3,I2XsXfw7A7ED7WqV1yiQuAZBx4o=,E9r4JOjnkRw8mABi4WiXrUQMARY=
31,12,I2XsXfw7A7ED7WqV1yiQuAZBx4o=,E9r4JOjnkRw8mABi4WiXrUQMARY=
17,3,I2XsXfw7A7ED7WqV1yiQuAZBx4o=,E9r4JOjnkRw8mABi4WiXrUQMARY=
21,3,I2XsXfw7A7ED7WqV1yiQuAZBx4o=,E9r4JOjnkRw8mABi4WiXrUQMARY=
29,2,I2XsXfw7A7ED7WqV1yiQuAZBx4o=,E9r4JOjnkRw8mABi4WiXrUQMARY=
16,3,I2XsXfw7A7ED7WqV1yiQuAZBx4o=,E9r4JOjnkRw8mABi4WiXrUQMARY=
20,2,I2XsXfw7A7ED7WqV1yiQuAZBx4o=,E9r4JOjnkRw8mABi4WiXrUQMARY=
20,3,I2XsXfw7A7ED7WqV1yiQuAZBx4o=,E9r4JOjnkRw8mABi4WiXrUQMARY=
20,4,I2XsXfw7A7ED7WqV1yiQuAZBx4o=,E9r4JOjnkRw8mABi4WiXrUQMARY=
18,3,I2XsXfw7A7ED7WqV1yiQuAZBx4o=,E9r4JOjnkRw8mABi4WiXrUQMARY=
21,2,I2XsXfw7A7ED7WqV1yiQuAZBx4o=,E9r4JOjnkRw8mABi4WiXrUQMARY=
30,1,I2XsXfw7A7ED7WqV1yiQuAZBx4o=,E9r4JOjnkRw8mABi4WiXrUQMARY=
28,8,I2XsXfw7A7ED7WqV1yiQuAZBx4o=,E9r4JOjnkRw8mABi4WiXrUQMARY=
20,15,I2XsXfw7A7ED7WqV1yiQuAZBx4o=,E9r4JOjnkRw8mABi4WiXrUQMARY=
22,2,I2XsXfw7A7ED7WqV1yiQuAZBx4o=,E9r4JOjnkRw8mABi4WiXrUQMARY=
31,3,I2XsXfw7A7ED7WqV1yiQuAZBx4o=,E9r4JOjnkRw8mABi4WiXrUQMARY=
31,4,I2XsXfw7A7ED7WqV1yiQuAZBx4o=,E9r4JOjnkRw8mABi4WiXrUQMARY=
31,13,I2XsXfw7A7ED7WqV1yiQuAZBx4o=,E9r4JOjnkRw8mABi4WiXrUQMARY=
31,1,I2XsXfw7A7ED7WqV1yiQuAZBx4o=,E9r4JOjnkRw8mABi4WiXrUQMARY=
18,14,I2XsXfw7A7ED7WqV1yiQuAZBx4o=,E9r4JOjnkRw8mABi4WiXrUQMARY=
24,0,I2XsXfw7A7ED7WqV1yiQuAZBx4o=,E9r4JOjnkRw8mABi4WiXrUQMARY=
29,1,I2XsXfw7A7ED7WqV1yiQuAZBx4o=,E9r4JOjnkRw8mABi4WiXrUQMARY=
26,1,I2XsXfw7A7ED7WqV1yiQuAZBx4o=,E9r4JOjnkRw8mABi4WiXrUQMARY=
27,1,I2XsXfw7A7ED7WqV1yiQuAZBx4o=,E9r4JOjnkRw8mABi4WiXrUQMARY=
25,1,I2XsXfw7A7ED7WqV1yiQuAZBx4o=,E9r4JOjnkRw8mABi4WiXrUQMARY=
25,0,I2XsXfw7A7ED7WqV1yiQuAZBx4o=,E9r4JOjnkRw8mABi4WiXrUQMARY=
26,0,I2XsXfw7A7ED7WqV1yiQuAZBx4o=,E9r4JOjnkRw8mABi4WiXrUQMARY=
22,0,I2XsXfw7A7ED7WqV1yiQuAZBx4o=,E9r4JOjnkRw8mABi4WiXrUQMARY=
24,1,I2XsXfw7A7ED7WqV1yiQuAZBx4o=,E9r4JOjnkRw8mABi4WiXrUQMARY=
19,15,I2XsXfw7A7ED7WqV1yiQuAZBx4o=,E9r4JOjnkRw8mABi4WiXrUQMARY=
31,5,I2XsXfw7A7ED7WqV1yiQuAZBx4o=,E9r4JOjnkRw8mABi4WiXrUQMARY=
27,0,I2XsXfw7A7ED7WqV1yiQuAZBx4o=,E9r4JOjnkRw8mABi4WiXrUQMARY=
29,6,I2XsXfw7A7ED7WqV1yiQuAZBx4o=,E9r4JOjnkRw8mABi4WiXrUQMARY=
20,1,I2XsXfw7A7ED7WqV1yiQuAZBx4o=,E9r4JOjnkRw8mABi4WiXrUQMARY=
30,6,I2XsXfw7A7ED7WqV1yiQuAZBx4o=,E9r4JOjnkRw8mABi4WiXrUQMARY=
29,5,I2XsXfw7A7ED7WqV1yiQuAZBx4o=,E9r4JOjnkRw8mABi4WiXrUQMARY=
21,1,I2XsXfw7A7ED7WqV1yiQuAZBx4o=,E9r4JOjnkRw8mABi4WiXrUQMARY=
18,12,I2XsXfw7A7ED7WqV1yiQuAZBx4o=,E9r4JOjnkRw8mABi4WiXrUQMARY=
28,1,I2XsXfw7A7ED7WqV1yiQuAZBx4o=,E9r4JOjnkRw8mABi4WiXrUQMARY=
17,12,I2XsXfw7A7ED7WqV1yiQuAZBx4o=,E9r4JOjnkRw8mABi4WiXrUQMARY=
20,0,I2XsXfw7A7ED7WqV1yiQuAZBx4o=,E9r4JOjnkRw8mABi4WiXrUQMARY=
28,0,I2XsXfw7A7ED7WqV1yiQuAZBx4o=,E9r4JOjnkRw8mABi4WiXrUQMARY=
31,6,I2XsXfw7A7ED7WqV1yiQuAZBx4o=,E9r4JOjnkRw8mABi4WiXrUQMARY=
29,0,I2XsXfw7A7ED7WqV1yiQuAZBx4o=,E9r4JOjnkRw8mABi4WiXrUQMARY=
21,0,I2XsXfw7A7ED7WqV1yiQuAZBx4o=,E9r4JOjnkRw8mABi4WiXrUQMARY=
16,13,I2XsXfw7A7ED7WqV1yiQuAZBx4o=,E9r4JOjnkRw8mABi4WiXrUQMARY=
30,5,I2XsXfw7A7ED7WqV1yiQuAZBx4o=,E9r4JOjnkRw8mABi4WiXrUQMARY=
18,15,I2XsXfw7A7ED7WqV1yiQuAZBx4o=,E9r4JOjnkRw8mABi4WiXrUQMARY=
17,13,I2XsXfw7A7ED7WqV1yiQuAZBx4o=,E9r4JOjnkRw8mABi4WiXrUQMARY=
18,13,I2XsXfw7A7ED7WqV1yiQuAZBx4o=,E9r4JOjnkRw8mABi4WiXrUQMARY=
16,12,I2XsXfw7A7ED7WqV1yiQuAZBx4o=,E9r4JOjnkRw8mABi4WiXrUQMARY=
17,14,I2XsXfw7A7ED7WqV1yiQuAZBx4o=,E9r4JOjnkRw8mABi4WiXrUQMARY=
16,14,I2XsXfw7A7ED7WqV1yiQuAZBx4o=,E9r4JOjnkRw8mABi4WiXrUQMARY=
16,15,I2XsXfw7A7ED7WqV1yiQuAZBx4o=,E9r4JOjnkRw8mABi4WiXrUQMARY=
17,15,I2XsXfw7A7ED7WqV1yiQuAZBx4o=,E9r4JOjnkRw8mABi4WiXrUQMARY=
