49,-38,qgUseJSH5GmftBGaZLc4VbgBvpI=,r+Cvuu7xBGxaQdHEbGbLXgfJmlo=
50,-38,qgUseJSH5GmftBGaZLc4VbgBvpI=,r+Cvuu7xBGxaQdHEbGbLXgfJmlo=
51,-38,qgUseJSH5GmftBGaZLc4VbgBvpI=,r+Cvuu7xBGxaQdHEbGbLXgfJmlo=
52,-38,qgUseJSH5GmftBGaZLc4VbgBvpI=,r+Cvuu7xBGxaQdHEbGbLXgfJmlo=
54,-43,qgUseJSH5GmftBGaZLc4VbgBvpI=,r+Cvuu7xBGxaQdHEbGbLXgfJmlo=
53,-38,qgUseJSH5GmftBGaZLc4VbgBvpI=,r+Cvuu7xBGxaQdHEbGbLXgfJmlo=
54,-38,qgUseJSH5GmftBGaZLc4VbgBvpI=,r+Cvuu7xBGxaQdHEbGbLXgfJmlo=
55,-38,qgUseJSH5GmftBGaZLc4VbgBvpI=,r+Cvuu7xBGxaQdHEbGbLXgfJmlo=
49,-37,qgUseJSH5GmftBGaZLc4VbgBvpI=,r+Cvuu7xBGxaQdHEbGbLXgfJmlo=
50,-37,qgUseJSH5GmftBGaZLc4VbgBvpI=,r+Cvuu7xBGxaQdHEbGbLXgfJmlo=
51,-37,qgUseJSH5GmftBGaZLc4VbgBvpI=,r+Cvuu7xBGxaQdHEbGbLXgfJmlo=
52,-37,qgUseJSH5GmftBGaZLc4VbgBvpI=,r+Cvuu7xBGxaQdHEbGbLXgfJmlo=
54,-37,qgUseJSH5GmftBGaZLc4VbgBvpI=,r+Cvuu7xBGxaQdHEbGbLXgfJmlo=
55,-37,qgUseJSH5GmftBGaZLc4VbgBvpI=,r+Cvuu7xBGxaQdHEbGbLXgfJmlo=
49,-36,qgUseJSH5GmftBGaZLc4VbgBvpI=,r+Cvuu7xBGxaQdHEbGbLXgfJmlo=
50,-36,qgUseJSH5GmftBGaZLc4VbgBvpI=,r+Cvuu7xBGxaQdHEbGbLXgfJmlo=
51,-36,qgUseJSH5GmftBGaZLc4VbgBvpI=,r+Cvuu7xBGxaQdHEbGbLXgfJmlo=
53,-37,qgUseJSH5GmftBGaZLc4VbgBvpI=,r+Cvuu7xBGxaQdHEbGbLXgfJmlo=
54,-36,qgUseJSH5GmftBGaZLc4VbgBvpI=,r+Cvuu7xBGxaQdHEbGbLXgfJmlo=
55,-36,qgUseJSH5GmftBGaZLc4VbgBvpI=,r+Cvuu7xBGxaQdHEbGbLXgfJmlo=
53,-36,qgUseJSH5GmftBGaZLc4VbgBvpI=,r+Cvuu7xBGxaQdHEbGbLXgfJmlo=
52,-36,qgUseJSH5GmftBGaZLc4VbgBvpI=,r+Cvuu7xBGxaQdHEbGbLXgfJmlo=
50,-35,qgUseJSH5GmftBGaZLc4VbgBvpI=,r+Cvuu7xBGxaQdHEbGbLXgfJmlo=
51,-35,qgUseJSH5GmftBGaZLc4VbgBvpI=,r+Cvuu7xBGxaQdHEbGbLXgfJmlo=
49,-35,qgUseJSH5GmftBGaZLc4VbgBvpI=,r+Cvuu7xBGxaQdHEbGbLXgfJmlo=
52,-35,qgUseJSH5GmftBGaZLc4VbgBvpI=,r+Cvuu7xBGxaQdHEbGbLXgfJmlo=
53,-35,qgUseJSH5GmftBGaZLc4VbgBvpI=,r+Cvuu7xBGxaQdHEbGbLXgfJmlo=
54,-35,qgUseJSH5GmftBGaZLc4VbgBvpI=,r+Cvuu7xBGxaQdHEbGbLXgfJmlo=
55,-35,qgUseJSH5GmftBGaZLc4VbgBvpI=,r+Cvuu7xBGxaQdHEbGbLXgfJmlo=
49,-34,qgUseJSH5GmftBGaZLc4VbgBvpI=,r+Cvuu7xBGxaQdHEbGbLXgfJmlo=
50,-34,qgUseJSH5GmftBGaZLc4VbgBvpI=,r+Cvuu7xBGxaQdHEbGbLXgfJmlo=
51,-34,qgUseJSH5GmftBGaZLc4VbgBvpI=,r+Cvuu7xBGxaQdHEbGbLXgfJmlo=
52,-34,qgUseJSH5GmftBGaZLc4VbgBvpI=,r+Cvuu7xBGxaQdHEbGbLXgfJmlo=
53,-34,qgUseJSH5GmftBGaZLc4VbgBvpI=,r+Cvuu7xBGxaQdHEbGbLXgfJmlo=
54,-34,qgUseJSH5GmftBGaZLc4VbgBvpI=,r+Cvuu7xBGxaQdHEbGbLXgfJmlo=
55,-34,qgUseJSH5GmftBGaZLc4VbgBvpI=,r+Cvuu7xBGxaQdHEbGbLXgfJmlo=
49,-39,qgUseJSH5GmftBGaZLc4VbgBvpI=,r+Cvuu7xBGxaQdHEbGbLXgfJmlo=
50,-39,qgUseJSH5GmftBGaZLc4VbgBvpI=,r+Cvuu7xBGxaQdHEbGbLXgfJmlo=
51,-39,qgUseJSH5GmftBGaZLc4VbgBvpI=,r+Cvuu7xBGxaQdHEbGbLXgfJmlo=
52,-39,qgUseJSH5GmftBGaZLc4VbgBvpI=,r+Cvuu7xBGxaQdHEbGbLXgfJmlo=
53,-39,qgUseJSH5GmftBGaZLc4VbgBvpI=,r+Cvuu7xBGxaQdHEbGbLXgfJmlo=
54,-39,qgUseJSH5GmftBGaZLc4VbgBvpI=,r+Cvuu7xBGxaQdHEbGbLXgfJmlo=
55,-39,qgUseJSH5GmftBGaZLc4VbgBvpI=,r+Cvuu7xBGxaQdHEbGbLXgfJmlo=
49,-48,qgUseJSH5GmftBGaZLc4VbgBvpI=,r+Cvuu7xBGxaQdHEbGbLXgfJmlo=
50,-48,qgUseJSH5GmftBGaZLc4VbgBvpI=,r+Cvuu7xBGxaQdHEbGbLXgfJmlo=
51,-48,qgUseJSH5GmftBGaZLc4VbgBvpI=,r+Cvuu7xBGxaQdHEbGbLXgfJmlo=
52,-48,qgUseJSH5GmftBGaZLc4VbgBvpI=,r+Cvuu7xBGxaQdHEbGbLXgfJmlo=
54,-48,qgUseJSH5GmftBGaZLc4VbgBvpI=,r+Cvuu7xBGxaQdHEbGbLXgfJmlo=
53,-48,qgUseJSH5GmftBGaZLc4VbgBvpI=,r+Cvuu7xBGxaQdHEbGbLXgfJmlo=
49,-47,qgUseJSH5GmftBGaZLc4VbgBvpI=,r+Cvuu7xBGxaQdHEbGbLXgfJmlo=
55,-40,qgUseJSH5GmftBGaZLc4VbgBvpI=,r+Cvuu7xBGxaQdHEbGbLXgfJmlo=
55,-41,qgUseJSH5GmftBGaZLc4VbgBvpI=,r+Cvuu7xBGxaQdHEbGbLXgfJmlo=
51,-47,qgUseJSH5GmftBGaZLc4VbgBvpI=,r+Cvuu7xBGxaQdHEbGbLXgfJmlo=
49,-46,qgUseJSH5GmftBGaZLc4VbgBvpI=,r+Cvuu7xBGxaQdHEbGbLXgfJmlo=
55,-42,qgUseJSH5GmftBGaZLc4VbgBvpI=,r+Cvuu7xBGxaQdHEbGbLXgfJmlo=
51,-45,qgUseJSH5GmftBGaZLc4VbgBvpI=,r+Cvuu7xBGxaQdHEbGbLXgfJmlo=
54,-40,qgUseJSH5GmftBGaZLc4VbgBvpI=,r+Cvuu7xBGxaQdHEbGbLXgfJmlo=
54,-41,qgUseJSH5GmftBGaZLc4VbgBvpI=,r+Cvuu7xBGxaQdHEbGbLXgfJmlo=
53,-40,qgUseJSH5GmftBGaZLc4VbgBvpI=,r+Cvuu7xBGxaQdHEbGbLXgfJmlo=
50,-47,qgUseJSH5GmftBGaZLc4VbgBvpI=,r+Cvuu7xBGxaQdHEbGbLXgfJmlo=
49,-33,qgUseJSH5GmftBGaZLc4VbgBvpI=,r+Cvuu7xBGxaQdHEbGbLXgfJmlo=
50,-33,qgUseJSH5GmftBGaZLc4VbgBvpI=,r+Cvuu7xBGxaQdHEbGbLXgfJmlo=
51,-33,qgUseJSH5GmftBGaZLc4VbgBvpI=,r+Cvuu7xBGxaQdHEbGbLXgfJmlo=
52,-33,qgUseJSH5GmftBGaZLc4VbgBvpI=,r+Cvuu7xBGxaQdHEbGbLXgfJmlo=
53,-33,qgUseJSH5GmftBGaZLc4VbgBvpI=,r+Cvuu7xBGxaQdHEbGbLXgfJmlo=
54,-33,qgUseJSH5GmftBGaZLc4VbgBvpI=,r+Cvuu7xBGxaQdHEbGbLXgfJmlo=
55,-48,qgUseJSH5GmftBGaZLc4VbgBvpI=,r+Cvuu7xBGxaQdHEbGbLXgfJmlo=
55,-33,qgUseJSH5GmftBGaZLc4VbgBvpI=,r+Cvuu7xBGxaQdHEbGbLXgfJmlo=
50,-45,qgUseJSH5GmftBGaZLc4VbgBvpI=,r+Cvuu7xBGxaQdHEbGbLXgfJmlo=
49,-45,qgUseJSH5GmftBGaZLc4VbgBvpI=,r+Cvuu7xBGxaQdHEbGbLXgfJmlo=
52,-43,qgUseJSH5GmftBGaZLc4VbgBvpI=,r+Cvuu7xBGxaQdHEbGbLXgfJmlo=
53,-43,qgUseJSH5GmftBGaZLc4VbgBvpI=,r+Cvuu7xBGxaQdHEbGbLXgfJmlo=
51,-43,qgUseJSH5GmftBGaZLc4VbgBvpI=,r+Cvuu7xBGxaQdHEbGbLXgfJmlo=
50,-43,qgUseJSH5GmftBGaZLc4VbgBvpI=,r+Cvuu7xBGxaQdHEbGbLXgfJmlo=
53,-41,qgUseJSH5GmftBGaZLc4VbgBvpI=,r+Cvuu7xBGxaQdHEbGbLXgfJmlo=
49,-43,qgUseJSH5GmftBGaZLc4VbgBvpI=,r+Cvuu7xBGxaQdHEbGbLXgfJmlo=
53,-44,qgUseJSH5GmftBGaZLc4VbgBvpI=,r+Cvuu7xBGxaQdHEbGbLXgfJmlo=
55,-44,qgUseJSH5GmftBGaZLc4VbgBvpI=,r+Cvuu7xBGxaQdHEbGbLXgfJmlo=
52,-44,qgUseJSH5GmftBGaZLc4VbgBvpI=,r+Cvuu7xBGxaQdHEbGbLXgfJmlo=
51,-44,qgUseJSH5GmftBGaZLc4VbgBvpI=,r+Cvuu7xBGxaQdHEbGbLXgfJmlo=
50,-44,qgUseJSH5GmftBGaZLc4VbgBvpI=,r+Cvuu7xBGxaQdHEbGbLXgfJmlo=
49,-44,qgUseJSH5GmftBGaZLc4VbgBvpI=,r+Cvuu7xBGxaQdHEbGbLXgfJmlo=
55,-45,qgUseJSH5GmftBGaZLc4VbgBvpI=,r+Cvuu7xBGxaQdHEbGbLXgfJmlo=
54,-45,qgUseJSH5GmftBGaZLc4VbgBvpI=,r+Cvuu7xBGxaQdHEbGbLXgfJmlo=
55,-47,qgUseJSH5GmftBGaZLc4VbgBvpI=,r+Cvuu7xBGxaQdHEbGbLXgfJmlo=
53,-47,qgUseJSH5GmftBGaZLc4VbgBvpI=,r+Cvuu7xBGxaQdHEbGbLXgfJmlo=
52,-41,qgUseJSH5GmftBGaZLc4VbgBvpI=,r+Cvuu7xBGxaQdHEbGbLXgfJmlo=
54,-44,qgUseJSH5GmftBGaZLc4VbgBvpI=,r+Cvuu7xBGxaQdHEbGbLXgfJmlo=
54,-42,qgUseJSH5GmftBGaZLc4VbgBvpI=,r+Cvuu7xBGxaQdHEbGbLXgfJmlo=
55,-46,qgUseJSH5GmftBGaZLc4VbgBvpI=,r+Cvuu7xBGxaQdHEbGbLXgfJmlo=
52,-47,qgUseJSH5GmftBGaZLc4VbgBvpI=,r+Cvuu7xBGxaQdHEbGbLXgfJmlo=
54,-46,qgUseJSH5GmftBGaZLc4VbgBvpI=,r+Cvuu7xBGxaQdHEbGbLXgfJmlo=
53,-46,qgUseJSH5GmftBGaZLc4VbgBvpI=,r+Cvuu7xBGxaQdHEbGbLXgfJmlo=
52,-46,qgUseJSH5GmftBGaZLc4VbgBvpI=,r+Cvuu7xBGxaQdHEbGbLXgfJmlo=
53,-42,qgUseJSH5GmftBGaZLc4VbgBvpI=,r+Cvuu7xBGxaQdHEbGbLXgfJmlo=
51,-46,qgUseJSH5GmftBGaZLc4VbgBvpI=,r+Cvuu7xBGxaQdHEbGbLXgfJmlo=
52,-42,qgUseJSH5GmftBGaZLc4VbgBvpI=,r+Cvuu7xBGxaQdHEbGbLXgfJmlo=
50,-46,qgUseJSH5GmftBGaZLc4VbgBvpI=,r+Cvuu7xBGxaQdHEbGbLXgfJmlo=
52,-40,qgUseJSH5GmftBGaZLc4VbgBvpI=,r+Cvuu7xBGxaQdHEbGbLXgfJmlo=
51,-41,qgUseJSH5GmftBGaZLc4VbgBvpI=,r+Cvuu7xBGxaQdHEbGbLXgfJmlo=
51,-42,qgUseJSH5GmftBGaZLc4VbgBvpI=,r+Cvuu7xBGxaQdHEbGbLXgfJmlo=
51,-40,qgUseJSH5GmftBGaZLc4VbgBvpI=,r+Cvuu7xBGxaQdHEbGbLXgfJmlo=
50,-41,qgUseJSH5GmftBGaZLc4VbgBvpI=,r+Cvuu7xBGxaQdHEbGbLXgfJmlo=
50,-40,qgUseJSH5GmftBGaZLc4VbgBvpI=,r+Cvuu7xBGxaQdHEbGbLXgfJmlo=
50,-42,qgUseJSH5GmftBGaZLc4VbgBvpI=,r+Cvuu7xBGxaQdHEbGbLXgfJmlo=
52,-45,qgUseJSH5GmftBGaZLc4VbgBvpI=,r+Cvuu7xBGxaQdHEbGbLXgfJmlo=
53,-45,qgUseJSH5GmftBGaZLc4VbgBvpI=,r+Cvuu7xBGxaQdHEbGbLXgfJmlo=
49,-42,qgUseJSH5GmftBGaZLc4VbgBvpI=,r+Cvuu7xBGxaQdHEbGbLXgfJmlo=
54,-47,qgUseJSH5GmftBGaZLc4VbgBvpI=,r+Cvuu7xBGxaQdHEbGbLXgfJmlo=
55,-43,qgUseJSH5GmftBGaZLc4VbgBvpI=,r+Cvuu7xBGxaQdHEbGbLXgfJmlo=
48,-38,qgUseJSH5GmftBGaZLc4VbgBvpI=,r+Cvuu7xBGxaQdHEbGbLXgfJmlo=
48,-37,qgUseJSH5GmftBGaZLc4VbgBvpI=,r+Cvuu7xBGxaQdHEbGbLXgfJmlo=
48,-36,qgUseJSH5GmftBGaZLc4VbgBvpI=,r+Cvuu7xBGxaQdHEbGbLXgfJmlo=
48,-35,qgUseJSH5GmftBGaZLc4VbgBvpI=,r+Cvuu7xBGxaQdHEbGbLXgfJmlo=
48,-39,qgUseJSH5GmftBGaZLc4VbgBvpI=,r+Cvuu7xBGxaQdHEbGbLXgfJmlo=
48,-34,qgUseJSH5GmftBGaZLc4VbgBvpI=,r+Cvuu7xBGxaQdHEbGbLXgfJmlo=
48,-33,qgUseJSH5GmftBGaZLc4VbgBvpI=,r+Cvuu7xBGxaQdHEbGbLXgfJmlo=
48,-47,qgUseJSH5GmftBGaZLc4VbgBvpI=,r+Cvuu7xBGxaQdHEbGbLXgfJmlo=
48,-40,qgUseJSH5GmftBGaZLc4VbgBvpI=,r+Cvuu7xBGxaQdHEbGbLXgfJmlo=
48,-43,qgUseJSH5GmftBGaZLc4VbgBvpI=,r+Cvuu7xBGxaQdHEbGbLXgfJmlo=
48,-44,qgUseJSH5GmftBGaZLc4VbgBvpI=,r+Cvuu7xBGxaQdHEbGbLXgfJmlo=
48,-48,qgUseJSH5GmftBGaZLc4VbgBvpI=,r+Cvuu7xBGxaQdHEbGbLXgfJmlo=
48,-41,qgUseJSH5GmftBGaZLc4VbgBvpI=,r+Cvuu7xBGxaQdHEbGbLXgfJmlo=
48,-46,qgUseJSH5GmftBGaZLc4VbgBvpI=,r+Cvuu7xBGxaQdHEbGbLXgfJmlo=
48,-42,qgUseJSH5GmftBGaZLc4VbgBvpI=,r+Cvuu7xBGxaQdHEbGbLXgfJmlo=
48,-45,qgUseJSH5GmftBGaZLc4VbgBvpI=,r+Cvuu7xBGxaQdHEbGbLXgfJmlo=
49,-40,qgUseJSH5GmftBGaZLc4VbgBvpI=,r+Cvuu7xBGxaQdHEbGbLXgfJmlo=
49,-41,qgUseJSH5GmftBGaZLc4VbgBvpI=,r+Cvuu7xBGxaQdHEbGbLXgfJmlo=
54,-51,S+deLRfst4X1A6haWNWt5ulP1RE=,r+Cvuu7xBGxaQdHEbGbLXgfJmlo=
52,-56,S+deLRfst4X1A6haWNWt5ulP1RE=,r+Cvuu7xBGxaQdHEbGbLXgfJmlo=
50,-49,S+deLRfst4X1A6haWNWt5ulP1RE=,r+Cvuu7xBGxaQdHEbGbLXgfJmlo=
49,-49,S+deLRfst4X1A6haWNWt5ulP1RE=,r+Cvuu7xBGxaQdHEbGbLXgfJmlo=
52,-49,S+deLRfst4X1A6haWNWt5ulP1RE=,r+Cvuu7xBGxaQdHEbGbLXgfJmlo=
51,-49,S+deLRfst4X1A6haWNWt5ulP1RE=,r+Cvuu7xBGxaQdHEbGbLXgfJmlo=
53,-49,S+deLRfst4X1A6haWNWt5ulP1RE=,r+Cvuu7xBGxaQdHEbGbLXgfJmlo=
54,-49,S+deLRfst4X1A6haWNWt5ulP1RE=,r+Cvuu7xBGxaQdHEbGbLXgfJmlo=
55,-49,S+deLRfst4X1A6haWNWt5ulP1RE=,r+Cvuu7xBGxaQdHEbGbLXgfJmlo=
55,-54,S+deLRfst4X1A6haWNWt5ulP1RE=,r+Cvuu7xBGxaQdHEbGbLXgfJmlo=
54,-54,S+deLRfst4X1A6haWNWt5ulP1RE=,r+Cvuu7xBGxaQdHEbGbLXgfJmlo=
53,-55,S+deLRfst4X1A6haWNWt5ulP1RE=,r+Cvuu7xBGxaQdHEbGbLXgfJmlo=
51,-56,S+deLRfst4X1A6haWNWt5ulP1RE=,r+Cvuu7xBGxaQdHEbGbLXgfJmlo=
50,-56,S+deLRfst4X1A6haWNWt5ulP1RE=,r+Cvuu7xBGxaQdHEbGbLXgfJmlo=
52,-55,S+deLRfst4X1A6haWNWt5ulP1RE=,r+Cvuu7xBGxaQdHEbGbLXgfJmlo=
51,-55,S+deLRfst4X1A6haWNWt5ulP1RE=,r+Cvuu7xBGxaQdHEbGbLXgfJmlo=
51,-53,S+deLRfst4X1A6haWNWt5ulP1RE=,r+Cvuu7xBGxaQdHEbGbLXgfJmlo=
50,-55,S+deLRfst4X1A6haWNWt5ulP1RE=,r+Cvuu7xBGxaQdHEbGbLXgfJmlo=
49,-55,S+deLRfst4X1A6haWNWt5ulP1RE=,r+Cvuu7xBGxaQdHEbGbLXgfJmlo=
53,-52,S+deLRfst4X1A6haWNWt5ulP1RE=,r+Cvuu7xBGxaQdHEbGbLXgfJmlo=
55,-56,S+deLRfst4X1A6haWNWt5ulP1RE=,r+Cvuu7xBGxaQdHEbGbLXgfJmlo=
54,-56,S+deLRfst4X1A6haWNWt5ulP1RE=,r+Cvuu7xBGxaQdHEbGbLXgfJmlo=
50,-53,S+deLRfst4X1A6haWNWt5ulP1RE=,r+Cvuu7xBGxaQdHEbGbLXgfJmlo=
52,-52,S+deLRfst4X1A6haWNWt5ulP1RE=,r+Cvuu7xBGxaQdHEbGbLXgfJmlo=
51,-52,S+deLRfst4X1A6haWNWt5ulP1RE=,r+Cvuu7xBGxaQdHEbGbLXgfJmlo=
53,-54,S+deLRfst4X1A6haWNWt5ulP1RE=,r+Cvuu7xBGxaQdHEbGbLXgfJmlo=
50,-52,S+deLRfst4X1A6haWNWt5ulP1RE=,r+Cvuu7xBGxaQdHEbGbLXgfJmlo=
55,-50,S+deLRfst4X1A6haWNWt5ulP1RE=,r+Cvuu7xBGxaQdHEbGbLXgfJmlo=
52,-54,S+deLRfst4X1A6haWNWt5ulP1RE=,r+Cvuu7xBGxaQdHEbGbLXgfJmlo=
49,-52,S+deLRfst4X1A6haWNWt5ulP1RE=,r+Cvuu7xBGxaQdHEbGbLXgfJmlo=
55,-53,S+deLRfst4X1A6haWNWt5ulP1RE=,r+Cvuu7xBGxaQdHEbGbLXgfJmlo=
54,-53,S+deLRfst4X1A6haWNWt5ulP1RE=,r+Cvuu7xBGxaQdHEbGbLXgfJmlo=
53,-53,S+deLRfst4X1A6haWNWt5ulP1RE=,r+Cvuu7xBGxaQdHEbGbLXgfJmlo=
53,-51,S+deLRfst4X1A6haWNWt5ulP1RE=,r+Cvuu7xBGxaQdHEbGbLXgfJmlo=
52,-51,S+deLRfst4X1A6haWNWt5ulP1RE=,r+Cvuu7xBGxaQdHEbGbLXgfJmlo=
49,-53,S+deLRfst4X1A6haWNWt5ulP1RE=,r+Cvuu7xBGxaQdHEbGbLXgfJmlo=
51,-54,S+deLRfst4X1A6haWNWt5ulP1RE=,r+Cvuu7xBGxaQdHEbGbLXgfJmlo=
54,-50,S+deLRfst4X1A6haWNWt5ulP1RE=,r+Cvuu7xBGxaQdHEbGbLXgfJmlo=
52,-53,S+deLRfst4X1A6haWNWt5ulP1RE=,r+Cvuu7xBGxaQdHEbGbLXgfJmlo=
51,-51,S+deLRfst4X1A6haWNWt5ulP1RE=,r+Cvuu7xBGxaQdHEbGbLXgfJmlo=
53,-50,S+deLRfst4X1A6haWNWt5ulP1RE=,r+Cvuu7xBGxaQdHEbGbLXgfJmlo=
52,-50,S+deLRfst4X1A6haWNWt5ulP1RE=,r+Cvuu7xBGxaQdHEbGbLXgfJmlo=
49,-51,S+deLRfst4X1A6haWNWt5ulP1RE=,r+Cvuu7xBGxaQdHEbGbLXgfJmlo=
50,-51,S+deLRfst4X1A6haWNWt5ulP1RE=,r+Cvuu7xBGxaQdHEbGbLXgfJmlo=
50,-54,S+deLRfst4X1A6haWNWt5ulP1RE=,r+Cvuu7xBGxaQdHEbGbLXgfJmlo=
54,-52,S+deLRfst4X1A6haWNWt5ulP1RE=,r+Cvuu7xBGxaQdHEbGbLXgfJmlo=
51,-50,S+deLRfst4X1A6haWNWt5ulP1RE=,r+Cvuu7xBGxaQdHEbGbLXgfJmlo=
50,-50,S+deLRfst4X1A6haWNWt5ulP1RE=,r+Cvuu7xBGxaQdHEbGbLXgfJmlo=
55,-52,S+deLRfst4X1A6haWNWt5ulP1RE=,r+Cvuu7xBGxaQdHEbGbLXgfJmlo=
49,-54,S+deLRfst4X1A6haWNWt5ulP1RE=,r+Cvuu7xBGxaQdHEbGbLXgfJmlo=
49,-50,S+deLRfst4X1A6haWNWt5ulP1RE=,r+Cvuu7xBGxaQdHEbGbLXgfJmlo=
53,-56,S+deLRfst4X1A6haWNWt5ulP1RE=,r+Cvuu7xBGxaQdHEbGbLXgfJmlo=
55,-55,S+deLRfst4X1A6haWNWt5ulP1RE=,r+Cvuu7xBGxaQdHEbGbLXgfJmlo=
55,-51,S+deLRfst4X1A6haWNWt5ulP1RE=,r+Cvuu7xBGxaQdHEbGbLXgfJmlo=
54,-55,S+deLRfst4X1A6haWNWt5ulP1RE=,r+Cvuu7xBGxaQdHEbGbLXgfJmlo=
48,-56,S+deLRfst4X1A6haWNWt5ulP1RE=,r+Cvuu7xBGxaQdHEbGbLXgfJmlo=
48,-50,S+deLRfst4X1A6haWNWt5ulP1RE=,r+Cvuu7xBGxaQdHEbGbLXgfJmlo=
48,-53,S+deLRfst4X1A6haWNWt5ulP1RE=,r+Cvuu7xBGxaQdHEbGbLXgfJmlo=
48,-54,S+deLRfst4X1A6haWNWt5ulP1RE=,r+Cvuu7xBGxaQdHEbGbLXgfJmlo=
48,-51,S+deLRfst4X1A6haWNWt5ulP1RE=,r+Cvuu7xBGxaQdHEbGbLXgfJmlo=
48,-52,S+deLRfst4X1A6haWNWt5ulP1RE=,r+Cvuu7xBGxaQdHEbGbLXgfJmlo=
48,-55,S+deLRfst4X1A6haWNWt5ulP1RE=,r+Cvuu7xBGxaQdHEbGbLXgfJmlo=
48,-49,S+deLRfst4X1A6haWNWt5ulP1RE=,r+Cvuu7xBGxaQdHEbGbLXgfJmlo=
49,-56,S+deLRfst4X1A6haWNWt5ulP1RE=,r+Cvuu7xBGxaQdHEbGbLXgfJmlo=
41,-62,cIiuJAmTbBpoTPvt8GOvxYjReF0=,r+Cvuu7xBGxaQdHEbGbLXgfJmlo=
46,-63,cIiuJAmTbBpoTPvt8GOvxYjReF0=,r+Cvuu7xBGxaQdHEbGbLXgfJmlo=
45,-63,cIiuJAmTbBpoTPvt8GOvxYjReF0=,r+Cvuu7xBGxaQdHEbGbLXgfJmlo=
44,-63,cIiuJAmTbBpoTPvt8GOvxYjReF0=,r+Cvuu7xBGxaQdHEbGbLXgfJmlo=
46,-58,cIiuJAmTbBpoTPvt8GOvxYjReF0=,r+Cvuu7xBGxaQdHEbGbLXgfJmlo=
45,-58,cIiuJAmTbBpoTPvt8GOvxYjReF0=,r+Cvuu7xBGxaQdHEbGbLXgfJmlo=
44,-58,cIiuJAmTbBpoTPvt8GOvxYjReF0=,r+Cvuu7xBGxaQdHEbGbLXgfJmlo=
42,-58,cIiuJAmTbBpoTPvt8GOvxYjReF0=,r+Cvuu7xBGxaQdHEbGbLXgfJmlo=
41,-58,cIiuJAmTbBpoTPvt8GOvxYjReF0=,r+Cvuu7xBGxaQdHEbGbLXgfJmlo=
46,-59,cIiuJAmTbBpoTPvt8GOvxYjReF0=,r+Cvuu7xBGxaQdHEbGbLXgfJmlo=
45,-59,cIiuJAmTbBpoTPvt8GOvxYjReF0=,r+Cvuu7xBGxaQdHEbGbLXgfJmlo=
43,-63,cIiuJAmTbBpoTPvt8GOvxYjReF0=,r+Cvuu7xBGxaQdHEbGbLXgfJmlo=
44,-59,cIiuJAmTbBpoTPvt8GOvxYjReF0=,r+Cvuu7xBGxaQdHEbGbLXgfJmlo=
43,-59,cIiuJAmTbBpoTPvt8GOvxYjReF0=,r+Cvuu7xBGxaQdHEbGbLXgfJmlo=
42,-59,cIiuJAmTbBpoTPvt8GOvxYjReF0=,r+Cvuu7xBGxaQdHEbGbLXgfJmlo=
41,-59,cIiuJAmTbBpoTPvt8GOvxYjReF0=,r+Cvuu7xBGxaQdHEbGbLXgfJmlo=
46,-60,cIiuJAmTbBpoTPvt8GOvxYjReF0=,r+Cvuu7xBGxaQdHEbGbLXgfJmlo=
45,-60,cIiuJAmTbBpoTPvt8GOvxYjReF0=,r+Cvuu7xBGxaQdHEbGbLXgfJmlo=
44,-60,cIiuJAmTbBpoTPvt8GOvxYjReF0=,r+Cvuu7xBGxaQdHEbGbLXgfJmlo=
43,-60,cIiuJAmTbBpoTPvt8GOvxYjReF0=,r+Cvuu7xBGxaQdHEbGbLXgfJmlo=
42,-60,bSamPhNIa0XEuzyYFQQSI/2aY8k=,r+Cvuu7xBGxaQdHEbGbLXgfJmlo=
41,-60,bSamPhNIa0XEuzyYFQQSI/2aY8k=,r+Cvuu7xBGxaQdHEbGbLXgfJmlo=
46,-61,bSamPhNIa0XEuzyYFQQSI/2aY8k=,r+Cvuu7xBGxaQdHEbGbLXgfJmlo=
45,-61,bSamPhNIa0XEuzyYFQQSI/2aY8k=,r+Cvuu7xBGxaQdHEbGbLXgfJmlo=
44,-61,bSamPhNIa0XEuzyYFQQSI/2aY8k=,r+Cvuu7xBGxaQdHEbGbLXgfJmlo=
43,-61,bSamPhNIa0XEuzyYFQQSI/2aY8k=,r+Cvuu7xBGxaQdHEbGbLXgfJmlo=
42,-61,bSamPhNIa0XEuzyYFQQSI/2aY8k=,r+Cvuu7xBGxaQdHEbGbLXgfJmlo=
41,-61,bSamPhNIa0XEuzyYFQQSI/2aY8k=,r+Cvuu7xBGxaQdHEbGbLXgfJmlo=
46,-62,bSamPhNIa0XEuzyYFQQSI/2aY8k=,r+Cvuu7xBGxaQdHEbGbLXgfJmlo=
45,-62,bSamPhNIa0XEuzyYFQQSI/2aY8k=,r+Cvuu7xBGxaQdHEbGbLXgfJmlo=
44,-62,bSamPhNIa0XEuzyYFQQSI/2aY8k=,r+Cvuu7xBGxaQdHEbGbLXgfJmlo=
42,-63,bSamPhNIa0XEuzyYFQQSI/2aY8k=,r+Cvuu7xBGxaQdHEbGbLXgfJmlo=
43,-62,bSamPhNIa0XEuzyYFQQSI/2aY8k=,r+Cvuu7xBGxaQdHEbGbLXgfJmlo=
42,-62,bSamPhNIa0XEuzyYFQQSI/2aY8k=,r+Cvuu7xBGxaQdHEbGbLXgfJmlo=
47,-62,bSamPhNIa0XEuzyYFQQSI/2aY8k=,r+Cvuu7xBGxaQdHEbGbLXgfJmlo=
47,-61,bSamPhNIa0XEuzyYFQQSI/2aY8k=,r+Cvuu7xBGxaQdHEbGbLXgfJmlo=
47,-60,bSamPhNIa0XEuzyYFQQSI/2aY8k=,r+Cvuu7xBGxaQdHEbGbLXgfJmlo=
47,-59,bSamPhNIa0XEuzyYFQQSI/2aY8k=,r+Cvuu7xBGxaQdHEbGbLXgfJmlo=
47,-58,bSamPhNIa0XEuzyYFQQSI/2aY8k=,r+Cvuu7xBGxaQdHEbGbLXgfJmlo=
47,-63,bSamPhNIa0XEuzyYFQQSI/2aY8k=,r+Cvuu7xBGxaQdHEbGbLXgfJmlo=
44,-52,bSamPhNIa0XEuzyYFQQSI/2aY8k=,r+Cvuu7xBGxaQdHEbGbLXgfJmlo=
46,-51,bSamPhNIa0XEuzyYFQQSI/2aY8k=,r+Cvuu7xBGxaQdHEbGbLXgfJmlo=
47,-51,bSamPhNIa0XEuzyYFQQSI/2aY8k=,r+Cvuu7xBGxaQdHEbGbLXgfJmlo=
45,-52,bSamPhNIa0XEuzyYFQQSI/2aY8k=,r+Cvuu7xBGxaQdHEbGbLXgfJmlo=
44,-53,bSamPhNIa0XEuzyYFQQSI/2aY8k=,r+Cvuu7xBGxaQdHEbGbLXgfJmlo=
42,-54,bSamPhNIa0XEuzyYFQQSI/2aY8k=,r+Cvuu7xBGxaQdHEbGbLXgfJmlo=
45,-53,bSamPhNIa0XEuzyYFQQSI/2aY8k=,r+Cvuu7xBGxaQdHEbGbLXgfJmlo=
44,-56,bSamPhNIa0XEuzyYFQQSI/2aY8k=,r+Cvuu7xBGxaQdHEbGbLXgfJmlo=
46,-53,bSamPhNIa0XEuzyYFQQSI/2aY8k=,r+Cvuu7xBGxaQdHEbGbLXgfJmlo=
47,-53,bSamPhNIa0XEuzyYFQQSI/2aY8k=,r+Cvuu7xBGxaQdHEbGbLXgfJmlo=
43,-54,bSamPhNIa0XEuzyYFQQSI/2aY8k=,r+Cvuu7xBGxaQdHEbGbLXgfJmlo=
45,-56,bSamPhNIa0XEuzyYFQQSI/2aY8k=,r+Cvuu7xBGxaQdHEbGbLXgfJmlo=
44,-54,bSamPhNIa0XEuzyYFQQSI/2aY8k=,r+Cvuu7xBGxaQdHEbGbLXgfJmlo=
46,-56,bSamPhNIa0XEuzyYFQQSI/2aY8k=,r+Cvuu7xBGxaQdHEbGbLXgfJmlo=
47,-56,bSamPhNIa0XEuzyYFQQSI/2aY8k=,r+Cvuu7xBGxaQdHEbGbLXgfJmlo=
46,-52,bSamPhNIa0XEuzyYFQQSI/2aY8k=,r+Cvuu7xBGxaQdHEbGbLXgfJmlo=
47,-52,bSamPhNIa0XEuzyYFQQSI/2aY8k=,r+Cvuu7xBGxaQdHEbGbLXgfJmlo=
45,-54,bSamPhNIa0XEuzyYFQQSI/2aY8k=,r+Cvuu7xBGxaQdHEbGbLXgfJmlo=
41,-56,bSamPhNIa0XEuzyYFQQSI/2aY8k=,r+Cvuu7xBGxaQdHEbGbLXgfJmlo=
46,-54,bSamPhNIa0XEuzyYFQQSI/2aY8k=,r+Cvuu7xBGxaQdHEbGbLXgfJmlo=
42,-56,bSamPhNIa0XEuzyYFQQSI/2aY8k=,r+Cvuu7xBGxaQdHEbGbLXgfJmlo=
47,-54,bSamPhNIa0XEuzyYFQQSI/2aY8k=,r+Cvuu7xBGxaQdHEbGbLXgfJmlo=
42,-55,bSamPhNIa0XEuzyYFQQSI/2aY8k=,r+Cvuu7xBGxaQdHEbGbLXgfJmlo=
41,-57,bSamPhNIa0XEuzyYFQQSI/2aY8k=,r+Cvuu7xBGxaQdHEbGbLXgfJmlo=
42,-57,bSamPhNIa0XEuzyYFQQSI/2aY8k=,r+Cvuu7xBGxaQdHEbGbLXgfJmlo=
43,-57,bSamPhNIa0XEuzyYFQQSI/2aY8k=,r+Cvuu7xBGxaQdHEbGbLXgfJmlo=
44,-57,Y8e9YVm6nouzDwoD0yxgacL60BM=,r+Cvuu7xBGxaQdHEbGbLXgfJmlo=
45,-57,Y8e9YVm6nouzDwoD0yxgacL60BM=,r+Cvuu7xBGxaQdHEbGbLXgfJmlo=
43,-55,Y8e9YVm6nouzDwoD0yxgacL60BM=,r+Cvuu7xBGxaQdHEbGbLXgfJmlo=
46,-57,Y8e9YVm6nouzDwoD0yxgacL60BM=,r+Cvuu7xBGxaQdHEbGbLXgfJmlo=
47,-57,Y8e9YVm6nouzDwoD0yxgacL60BM=,r+Cvuu7xBGxaQdHEbGbLXgfJmlo=
44,-55,Y8e9YVm6nouzDwoD0yxgacL60BM=,r+Cvuu7xBGxaQdHEbGbLXgfJmlo=
43,-56,Y8e9YVm6nouzDwoD0yxgacL60BM=,r+Cvuu7xBGxaQdHEbGbLXgfJmlo=
46,-55,Y8e9YVm6nouzDwoD0yxgacL60BM=,r+Cvuu7xBGxaQdHEbGbLXgfJmlo=
44,-50,Y8e9YVm6nouzDwoD0yxgacL60BM=,r+Cvuu7xBGxaQdHEbGbLXgfJmlo=
45,-50,Y8e9YVm6nouzDwoD0yxgacL60BM=,r+Cvuu7xBGxaQdHEbGbLXgfJmlo=
46,-50,Y8e9YVm6nouzDwoD0yxgacL60BM=,r+Cvuu7xBGxaQdHEbGbLXgfJmlo=
45,-55,Y8e9YVm6nouzDwoD0yxgacL60BM=,r+Cvuu7xBGxaQdHEbGbLXgfJmlo=
47,-55,Y8e9YVm6nouzDwoD0yxgacL60BM=,r+Cvuu7xBGxaQdHEbGbLXgfJmlo=
47,-50,Y8e9YVm6nouzDwoD0yxgacL60BM=,r+Cvuu7xBGxaQdHEbGbLXgfJmlo=
44,-51,Y8e9YVm6nouzDwoD0yxgacL60BM=,r+Cvuu7xBGxaQdHEbGbLXgfJmlo=
45,-51,Y8e9YVm6nouzDwoD0yxgacL60BM=,r+Cvuu7xBGxaQdHEbGbLXgfJmlo=
32,-55,Y8e9YVm6nouzDwoD0yxgacL60BM=,r+Cvuu7xBGxaQdHEbGbLXgfJmlo=
33,-55,Y8e9YVm6nouzDwoD0yxgacL60BM=,r+Cvuu7xBGxaQdHEbGbLXgfJmlo=
35,-55,Y8e9YVm6nouzDwoD0yxgacL60BM=,r+Cvuu7xBGxaQdHEbGbLXgfJmlo=
36,-49,Y8e9YVm6nouzDwoD0yxgacL60BM=,r+Cvuu7xBGxaQdHEbGbLXgfJmlo=
32,-54,Y8e9YVm6nouzDwoD0yxgacL60BM=,r+Cvuu7xBGxaQdHEbGbLXgfJmlo=
33,-54,Y8e9YVm6nouzDwoD0yxgacL60BM=,r+Cvuu7xBGxaQdHEbGbLXgfJmlo=
34,-54,Y8e9YVm6nouzDwoD0yxgacL60BM=,r+Cvuu7xBGxaQdHEbGbLXgfJmlo=
35,-54,Y8e9YVm6nouzDwoD0yxgacL60BM=,r+Cvuu7xBGxaQdHEbGbLXgfJmlo=
36,-54,Y8e9YVm6nouzDwoD0yxgacL60BM=,r+Cvuu7xBGxaQdHEbGbLXgfJmlo=
32,-53,Y8e9YVm6nouzDwoD0yxgacL60BM=,r+Cvuu7xBGxaQdHEbGbLXgfJmlo=
33,-53,Y8e9YVm6nouzDwoD0yxgacL60BM=,r+Cvuu7xBGxaQdHEbGbLXgfJmlo=
34,-53,Y8e9YVm6nouzDwoD0yxgacL60BM=,r+Cvuu7xBGxaQdHEbGbLXgfJmlo=
35,-53,Y8e9YVm6nouzDwoD0yxgacL60BM=,r+Cvuu7xBGxaQdHEbGbLXgfJmlo=
36,-53,Y8e9YVm6nouzDwoD0yxgacL60BM=,r+Cvuu7xBGxaQdHEbGbLXgfJmlo=
32,-52,Y8e9YVm6nouzDwoD0yxgacL60BM=,r+Cvuu7xBGxaQdHEbGbLXgfJmlo=
33,-52,Y8e9YVm6nouzDwoD0yxgacL60BM=,r+Cvuu7xBGxaQdHEbGbLXgfJmlo=
34,-52,Y8e9YVm6nouzDwoD0yxgacL60BM=,r+Cvuu7xBGxaQdHEbGbLXgfJmlo=
35,-52,Y8e9YVm6nouzDwoD0yxgacL60BM=,r+Cvuu7xBGxaQdHEbGbLXgfJmlo=
36,-52,Y8e9YVm6nouzDwoD0yxgacL60BM=,r+Cvuu7xBGxaQdHEbGbLXgfJmlo=
32,-51,Y8e9YVm6nouzDwoD0yxgacL60BM=,r+Cvuu7xBGxaQdHEbGbLXgfJmlo=
33,-51,Y8e9YVm6nouzDwoD0yxgacL60BM=,r+Cvuu7xBGxaQdHEbGbLXgfJmlo=
34,-51,Y8e9YVm6nouzDwoD0yxgacL60BM=,r+Cvuu7xBGxaQdHEbGbLXgfJmlo=
35,-51,Y8e9YVm6nouzDwoD0yxgacL60BM=,r+Cvuu7xBGxaQdHEbGbLXgfJmlo=
36,-51,Y8e9YVm6nouzDwoD0yxgacL60BM=,r+Cvuu7xBGxaQdHEbGbLXgfJmlo=
32,-50,Y8e9YVm6nouzDwoD0yxgacL60BM=,r+Cvuu7xBGxaQdHEbGbLXgfJmlo=
33,-50,Y8e9YVm6nouzDwoD0yxgacL60BM=,r+Cvuu7xBGxaQdHEbGbLXgfJmlo=
35,-50,Y8e9YVm6nouzDwoD0yxgacL60BM=,r+Cvuu7xBGxaQdHEbGbLXgfJmlo=
36,-50,Y8e9YVm6nouzDwoD0yxgacL60BM=,r+Cvuu7xBGxaQdHEbGbLXgfJmlo=
33,-49,Y8e9YVm6nouzDwoD0yxgacL60BM=,r+Cvuu7xBGxaQdHEbGbLXgfJmlo=
34,-49,Y8e9YVm6nouzDwoD0yxgacL60BM=,r+Cvuu7xBGxaQdHEbGbLXgfJmlo=
35,-49,Y8e9YVm6nouzDwoD0yxgacL60BM=,r+Cvuu7xBGxaQdHEbGbLXgfJmlo=
42,-64,Y8e9YVm6nouzDwoD0yxgacL60BM=,r+Cvuu7xBGxaQdHEbGbLXgfJmlo=
43,-64,Y8e9YVm6nouzDwoD0yxgacL60BM=,r+Cvuu7xBGxaQdHEbGbLXgfJmlo=
44,-64,Y8e9YVm6nouzDwoD0yxgacL60BM=,r+Cvuu7xBGxaQdHEbGbLXgfJmlo=
45,-64,Y8e9YVm6nouzDwoD0yxgacL60BM=,r+Cvuu7xBGxaQdHEbGbLXgfJmlo=
46,-64,Y8e9YVm6nouzDwoD0yxgacL60BM=,r+Cvuu7xBGxaQdHEbGbLXgfJmlo=
46,-49,Y8e9YVm6nouzDwoD0yxgacL60BM=,r+Cvuu7xBGxaQdHEbGbLXgfJmlo=
45,-49,Y8e9YVm6nouzDwoD0yxgacL60BM=,r+Cvuu7xBGxaQdHEbGbLXgfJmlo=
32,-49,Y8e9YVm6nouzDwoD0yxgacL60BM=,r+Cvuu7xBGxaQdHEbGbLXgfJmlo=
47,-64,Y8e9YVm6nouzDwoD0yxgacL60BM=,r+Cvuu7xBGxaQdHEbGbLXgfJmlo=
47,-49,Y8e9YVm6nouzDwoD0yxgacL60BM=,r+Cvuu7xBGxaQdHEbGbLXgfJmlo=
40,-62,Y8e9YVm6nouzDwoD0yxgacL60BM=,r+Cvuu7xBGxaQdHEbGbLXgfJmlo=
40,-63,Y8e9YVm6nouzDwoD0yxgacL60BM=,r+Cvuu7xBGxaQdHEbGbLXgfJmlo=
39,-62,Y8e9YVm6nouzDwoD0yxgacL60BM=,r+Cvuu7xBGxaQdHEbGbLXgfJmlo=
32,-61,Y8e9YVm6nouzDwoD0yxgacL60BM=,r+Cvuu7xBGxaQdHEbGbLXgfJmlo=
40,-61,Y8e9YVm6nouzDwoD0yxgacL60BM=,r+Cvuu7xBGxaQdHEbGbLXgfJmlo=
33,-61,Y8e9YVm6nouzDwoD0yxgacL60BM=,r+Cvuu7xBGxaQdHEbGbLXgfJmlo=
40,-60,Y8e9YVm6nouzDwoD0yxgacL60BM=,r+Cvuu7xBGxaQdHEbGbLXgfJmlo=
39,-61,Y8e9YVm6nouzDwoD0yxgacL60BM=,r+Cvuu7xBGxaQdHEbGbLXgfJmlo=
32,-60,Y8e9YVm6nouzDwoD0yxgacL60BM=,r+Cvuu7xBGxaQdHEbGbLXgfJmlo=
33,-60,Y8e9YVm6nouzDwoD0yxgacL60BM=,r+Cvuu7xBGxaQdHEbGbLXgfJmlo=
40,-59,Y8e9YVm6nouzDwoD0yxgacL60BM=,r+Cvuu7xBGxaQdHEbGbLXgfJmlo=
32,-59,Y8e9YVm6nouzDwoD0yxgacL60BM=,r+Cvuu7xBGxaQdHEbGbLXgfJmlo=
33,-59,Y8e9YVm6nouzDwoD0yxgacL60BM=,r+Cvuu7xBGxaQdHEbGbLXgfJmlo=
34,-59,Y8e9YVm6nouzDwoD0yxgacL60BM=,r+Cvuu7xBGxaQdHEbGbLXgfJmlo=
32,-58,Y8e9YVm6nouzDwoD0yxgacL60BM=,r+Cvuu7xBGxaQdHEbGbLXgfJmlo=
33,-58,Y8e9YVm6nouzDwoD0yxgacL60BM=,r+Cvuu7xBGxaQdHEbGbLXgfJmlo=
34,-58,Y8e9YVm6nouzDwoD0yxgacL60BM=,r+Cvuu7xBGxaQdHEbGbLXgfJmlo=
40,-64,Y8e9YVm6nouzDwoD0yxgacL60BM=,r+Cvuu7xBGxaQdHEbGbLXgfJmlo=
38,-64,Y8e9YVm6nouzDwoD0yxgacL60BM=,r+Cvuu7xBGxaQdHEbGbLXgfJmlo=
39,-64,Y8e9YVm6nouzDwoD0yxgacL60BM=,r+Cvuu7xBGxaQdHEbGbLXgfJmlo=
39,-63,Y8e9YVm6nouzDwoD0yxgacL60BM=,r+Cvuu7xBGxaQdHEbGbLXgfJmlo=
38,-63,Y8e9YVm6nouzDwoD0yxgacL60BM=,r+Cvuu7xBGxaQdHEbGbLXgfJmlo=
36,-55,Y8e9YVm6nouzDwoD0yxgacL60BM=,r+Cvuu7xBGxaQdHEbGbLXgfJmlo=
35,-56,Y8e9YVm6nouzDwoD0yxgacL60BM=,r+Cvuu7xBGxaQdHEbGbLXgfJmlo=
34,-56,Y8e9YVm6nouzDwoD0yxgacL60BM=,r+Cvuu7xBGxaQdHEbGbLXgfJmlo=
34,-50,Y8e9YVm6nouzDwoD0yxgacL60BM=,r+Cvuu7xBGxaQdHEbGbLXgfJmlo=
32,-63,Y8e9YVm6nouzDwoD0yxgacL60BM=,r+Cvuu7xBGxaQdHEbGbLXgfJmlo=
41,-64,Y8e9YVm6nouzDwoD0yxgacL60BM=,r+Cvuu7xBGxaQdHEbGbLXgfJmlo=
41,-63,Y8e9YVm6nouzDwoD0yxgacL60BM=,r+Cvuu7xBGxaQdHEbGbLXgfJmlo=
34,-60,Y8e9YVm6nouzDwoD0yxgacL60BM=,r+Cvuu7xBGxaQdHEbGbLXgfJmlo=
35,-60,Y8e9YVm6nouzDwoD0yxgacL60BM=,r+Cvuu7xBGxaQdHEbGbLXgfJmlo=
43,-58,Y8e9YVm6nouzDwoD0yxgacL60BM=,r+Cvuu7xBGxaQdHEbGbLXgfJmlo=
34,-55,Y8e9YVm6nouzDwoD0yxgacL60BM=,r+Cvuu7xBGxaQdHEbGbLXgfJmlo=
35,-59,Y8e9YVm6nouzDwoD0yxgacL60BM=,r+Cvuu7xBGxaQdHEbGbLXgfJmlo=
39,-60,Y8e9YVm6nouzDwoD0yxgacL60BM=,r+Cvuu7xBGxaQdHEbGbLXgfJmlo=
36,-56,Y8e9YVm6nouzDwoD0yxgacL60BM=,r+Cvuu7xBGxaQdHEbGbLXgfJmlo=
40,-49,Y8e9YVm6nouzDwoD0yxgacL60BM=,r+Cvuu7xBGxaQdHEbGbLXgfJmlo=
35,-58,Y8e9YVm6nouzDwoD0yxgacL60BM=,r+Cvuu7xBGxaQdHEbGbLXgfJmlo=
43,-52,Y8e9YVm6nouzDwoD0yxgacL60BM=,r+Cvuu7xBGxaQdHEbGbLXgfJmlo=
40,-50,Y8e9YVm6nouzDwoD0yxgacL60BM=,r+Cvuu7xBGxaQdHEbGbLXgfJmlo=
37,-49,Y8e9YVm6nouzDwoD0yxgacL60BM=,r+Cvuu7xBGxaQdHEbGbLXgfJmlo=
41,-51,Y8e9YVm6nouzDwoD0yxgacL60BM=,r+Cvuu7xBGxaQdHEbGbLXgfJmlo=
38,-62,Y8e9YVm6nouzDwoD0yxgacL60BM=,r+Cvuu7xBGxaQdHEbGbLXgfJmlo=
43,-50,Y8e9YVm6nouzDwoD0yxgacL60BM=,r+Cvuu7xBGxaQdHEbGbLXgfJmlo=
40,-51,Y8e9YVm6nouzDwoD0yxgacL60BM=,r+Cvuu7xBGxaQdHEbGbLXgfJmlo=
37,-52,Y8e9YVm6nouzDwoD0yxgacL60BM=,r+Cvuu7xBGxaQdHEbGbLXgfJmlo=
39,-51,Y8e9YVm6nouzDwoD0yxgacL60BM=,r+Cvuu7xBGxaQdHEbGbLXgfJmlo=
37,-60,Y8e9YVm6nouzDwoD0yxgacL60BM=,r+Cvuu7xBGxaQdHEbGbLXgfJmlo=
37,-53,Y8e9YVm6nouzDwoD0yxgacL60BM=,r+Cvuu7xBGxaQdHEbGbLXgfJmlo=
44,-49,Y8e9YVm6nouzDwoD0yxgacL60BM=,r+Cvuu7xBGxaQdHEbGbLXgfJmlo=
36,-60,Y8e9YVm6nouzDwoD0yxgacL60BM=,r+Cvuu7xBGxaQdHEbGbLXgfJmlo=
40,-58,Y8e9YVm6nouzDwoD0yxgacL60BM=,r+Cvuu7xBGxaQdHEbGbLXgfJmlo=
39,-49,Y8e9YVm6nouzDwoD0yxgacL60BM=,r+Cvuu7xBGxaQdHEbGbLXgfJmlo=
33,-56,Y8e9YVm6nouzDwoD0yxgacL60BM=,r+Cvuu7xBGxaQdHEbGbLXgfJmlo=
32,-62,Y8e9YVm6nouzDwoD0yxgacL60BM=,r+Cvuu7xBGxaQdHEbGbLXgfJmlo=
33,-62,Y8e9YVm6nouzDwoD0yxgacL60BM=,r+Cvuu7xBGxaQdHEbGbLXgfJmlo=
32,-56,Y8e9YVm6nouzDwoD0yxgacL60BM=,r+Cvuu7xBGxaQdHEbGbLXgfJmlo=
39,-50,Y8e9YVm6nouzDwoD0yxgacL60BM=,r+Cvuu7xBGxaQdHEbGbLXgfJmlo=
38,-50,Y8e9YVm6nouzDwoD0yxgacL60BM=,r+Cvuu7xBGxaQdHEbGbLXgfJmlo=
35,-57,Y8e9YVm6nouzDwoD0yxgacL60BM=,r+Cvuu7xBGxaQdHEbGbLXgfJmlo=
34,-57,Y8e9YVm6nouzDwoD0yxgacL60BM=,r+Cvuu7xBGxaQdHEbGbLXgfJmlo=
33,-57,Y8e9YVm6nouzDwoD0yxgacL60BM=,r+Cvuu7xBGxaQdHEbGbLXgfJmlo=
32,-57,Y8e9YVm6nouzDwoD0yxgacL60BM=,r+Cvuu7xBGxaQdHEbGbLXgfJmlo=
42,-50,Y8e9YVm6nouzDwoD0yxgacL60BM=,r+Cvuu7xBGxaQdHEbGbLXgfJmlo=
41,-55,Y8e9YVm6nouzDwoD0yxgacL60BM=,r+Cvuu7xBGxaQdHEbGbLXgfJmlo=
43,-53,Y8e9YVm6nouzDwoD0yxgacL60BM=,r+Cvuu7xBGxaQdHEbGbLXgfJmlo=
38,-60,Y8e9YVm6nouzDwoD0yxgacL60BM=,r+Cvuu7xBGxaQdHEbGbLXgfJmlo=
41,-49,Y8e9YVm6nouzDwoD0yxgacL60BM=,r+Cvuu7xBGxaQdHEbGbLXgfJmlo=
41,-54,Y8e9YVm6nouzDwoD0yxgacL60BM=,r+Cvuu7xBGxaQdHEbGbLXgfJmlo=
38,-51,Y8e9YVm6nouzDwoD0yxgacL60BM=,r+Cvuu7xBGxaQdHEbGbLXgfJmlo=
40,-56,Y8e9YVm6nouzDwoD0yxgacL60BM=,r+Cvuu7xBGxaQdHEbGbLXgfJmlo=
41,-50,Y8e9YVm6nouzDwoD0yxgacL60BM=,r+Cvuu7xBGxaQdHEbGbLXgfJmlo=
39,-56,Y8e9YVm6nouzDwoD0yxgacL60BM=,r+Cvuu7xBGxaQdHEbGbLXgfJmlo=
33,-63,Y8e9YVm6nouzDwoD0yxgacL60BM=,r+Cvuu7xBGxaQdHEbGbLXgfJmlo=
37,-50,Y8e9YVm6nouzDwoD0yxgacL60BM=,r+Cvuu7xBGxaQdHEbGbLXgfJmlo=
37,-54,Y8e9YVm6nouzDwoD0yxgacL60BM=,r+Cvuu7xBGxaQdHEbGbLXgfJmlo=
42,-51,Y8e9YVm6nouzDwoD0yxgacL60BM=,r+Cvuu7xBGxaQdHEbGbLXgfJmlo=
43,-51,Y8e9YVm6nouzDwoD0yxgacL60BM=,r+Cvuu7xBGxaQdHEbGbLXgfJmlo=
38,-49,Y8e9YVm6nouzDwoD0yxgacL60BM=,r+Cvuu7xBGxaQdHEbGbLXgfJmlo=
38,-56,Y8e9YVm6nouzDwoD0yxgacL60BM=,r+Cvuu7xBGxaQdHEbGbLXgfJmlo=
38,-52,Y8e9YVm6nouzDwoD0yxgacL60BM=,r+Cvuu7xBGxaQdHEbGbLXgfJmlo=
38,-53,Y8e9YVm6nouzDwoD0yxgacL60BM=,r+Cvuu7xBGxaQdHEbGbLXgfJmlo=
40,-52,Y8e9YVm6nouzDwoD0yxgacL60BM=,r+Cvuu7xBGxaQdHEbGbLXgfJmlo=
42,-49,Y8e9YVm6nouzDwoD0yxgacL60BM=,r+Cvuu7xBGxaQdHEbGbLXgfJmlo=
43,-49,Y8e9YVm6nouzDwoD0yxgacL60BM=,r+Cvuu7xBGxaQdHEbGbLXgfJmlo=
37,-51,Y8e9YVm6nouzDwoD0yxgacL60BM=,r+Cvuu7xBGxaQdHEbGbLXgfJmlo=
41,-52,Y8e9YVm6nouzDwoD0yxgacL60BM=,r+Cvuu7xBGxaQdHEbGbLXgfJmlo=
38,-54,Y8e9YVm6nouzDwoD0yxgacL60BM=,r+Cvuu7xBGxaQdHEbGbLXgfJmlo=
34,-61,Y8e9YVm6nouzDwoD0yxgacL60BM=,r+Cvuu7xBGxaQdHEbGbLXgfJmlo=
39,-54,Y8e9YVm6nouzDwoD0yxgacL60BM=,r+Cvuu7xBGxaQdHEbGbLXgfJmlo=
38,-55,Y8e9YVm6nouzDwoD0yxgacL60BM=,r+Cvuu7xBGxaQdHEbGbLXgfJmlo=
39,-53,Y8e9YVm6nouzDwoD0yxgacL60BM=,r+Cvuu7xBGxaQdHEbGbLXgfJmlo=
39,-55,Y8e9YVm6nouzDwoD0yxgacL60BM=,r+Cvuu7xBGxaQdHEbGbLXgfJmlo=
39,-52,Y8e9YVm6nouzDwoD0yxgacL60BM=,r+Cvuu7xBGxaQdHEbGbLXgfJmlo=
39,-59,Y8e9YVm6nouzDwoD0yxgacL60BM=,r+Cvuu7xBGxaQdHEbGbLXgfJmlo=
36,-59,Y8e9YVm6nouzDwoD0yxgacL60BM=,r+Cvuu7xBGxaQdHEbGbLXgfJmlo=
37,-55,Y8e9YVm6nouzDwoD0yxgacL60BM=,r+Cvuu7xBGxaQdHEbGbLXgfJmlo=
32,-64,Y8e9YVm6nouzDwoD0yxgacL60BM=,r+Cvuu7xBGxaQdHEbGbLXgfJmlo=
37,-59,Y8e9YVm6nouzDwoD0yxgacL60BM=,r+Cvuu7xBGxaQdHEbGbLXgfJmlo=
37,-56,Y8e9YVm6nouzDwoD0yxgacL60BM=,r+Cvuu7xBGxaQdHEbGbLXgfJmlo=
42,-52,Y8e9YVm6nouzDwoD0yxgacL60BM=,r+Cvuu7xBGxaQdHEbGbLXgfJmlo=
38,-59,Y8e9YVm6nouzDwoD0yxgacL60BM=,r+Cvuu7xBGxaQdHEbGbLXgfJmlo=
36,-57,Y8e9YVm6nouzDwoD0yxgacL60BM=,r+Cvuu7xBGxaQdHEbGbLXgfJmlo=
40,-57,Y8e9YVm6nouzDwoD0yxgacL60BM=,r+Cvuu7xBGxaQdHEbGbLXgfJmlo=
36,-58,Y8e9YVm6nouzDwoD0yxgacL60BM=,r+Cvuu7xBGxaQdHEbGbLXgfJmlo=
37,-58,Y8e9YVm6nouzDwoD0yxgacL60BM=,r+Cvuu7xBGxaQdHEbGbLXgfJmlo=
37,-64,Y8e9YVm6nouzDwoD0yxgacL60BM=,r+Cvuu7xBGxaQdHEbGbLXgfJmlo=
42,-53,Y8e9YVm6nouzDwoD0yxgacL60BM=,r+Cvuu7xBGxaQdHEbGbLXgfJmlo=
37,-57,Y8e9YVm6nouzDwoD0yxgacL60BM=,r+Cvuu7xBGxaQdHEbGbLXgfJmlo=
38,-61,Y8e9YVm6nouzDwoD0yxgacL60BM=,r+Cvuu7xBGxaQdHEbGbLXgfJmlo=
38,-58,Y8e9YVm6nouzDwoD0yxgacL60BM=,r+Cvuu7xBGxaQdHEbGbLXgfJmlo=
39,-57,Y8e9YVm6nouzDwoD0yxgacL60BM=,r+Cvuu7xBGxaQdHEbGbLXgfJmlo=
39,-58,Y8e9YVm6nouzDwoD0yxgacL60BM=,r+Cvuu7xBGxaQdHEbGbLXgfJmlo=
38,-57,Y8e9YVm6nouzDwoD0yxgacL60BM=,r+Cvuu7xBGxaQdHEbGbLXgfJmlo=
36,-61,Y8e9YVm6nouzDwoD0yxgacL60BM=,r+Cvuu7xBGxaQdHEbGbLXgfJmlo=
41,-53,Y8e9YVm6nouzDwoD0yxgacL60BM=,r+Cvuu7xBGxaQdHEbGbLXgfJmlo=
37,-62,Y8e9YVm6nouzDwoD0yxgacL60BM=,r+Cvuu7xBGxaQdHEbGbLXgfJmlo=
40,-54,Y8e9YVm6nouzDwoD0yxgacL60BM=,r+Cvuu7xBGxaQdHEbGbLXgfJmlo=
40,-55,Y8e9YVm6nouzDwoD0yxgacL60BM=,r+Cvuu7xBGxaQdHEbGbLXgfJmlo=
40,-53,Y8e9YVm6nouzDwoD0yxgacL60BM=,r+Cvuu7xBGxaQdHEbGbLXgfJmlo=
35,-61,Y8e9YVm6nouzDwoD0yxgacL60BM=,r+Cvuu7xBGxaQdHEbGbLXgfJmlo=
36,-62,Y8e9YVm6nouzDwoD0yxgacL60BM=,r+Cvuu7xBGxaQdHEbGbLXgfJmlo=
37,-61,Y8e9YVm6nouzDwoD0yxgacL60BM=,r+Cvuu7xBGxaQdHEbGbLXgfJmlo=
34,-62,Y8e9YVm6nouzDwoD0yxgacL60BM=,r+Cvuu7xBGxaQdHEbGbLXgfJmlo=
36,-64,Y8e9YVm6nouzDwoD0yxgacL60BM=,r+Cvuu7xBGxaQdHEbGbLXgfJmlo=
36,-63,Y8e9YVm6nouzDwoD0yxgacL60BM=,r+Cvuu7xBGxaQdHEbGbLXgfJmlo=
35,-62,Y8e9YVm6nouzDwoD0yxgacL60BM=,r+Cvuu7xBGxaQdHEbGbLXgfJmlo=
34,-64,Y8e9YVm6nouzDwoD0yxgacL60BM=,r+Cvuu7xBGxaQdHEbGbLXgfJmlo=
35,-63,Y8e9YVm6nouzDwoD0yxgacL60BM=,r+Cvuu7xBGxaQdHEbGbLXgfJmlo=
33,-64,Y8e9YVm6nouzDwoD0yxgacL60BM=,r+Cvuu7xBGxaQdHEbGbLXgfJmlo=
34,-63,Y8e9YVm6nouzDwoD0yxgacL60BM=,r+Cvuu7xBGxaQdHEbGbLXgfJmlo=
37,-63,Y8e9YVm6nouzDwoD0yxgacL60BM=,r+Cvuu7xBGxaQdHEbGbLXgfJmlo=
35,-64,Y8e9YVm6nouzDwoD0yxgacL60BM=,r+Cvuu7xBGxaQdHEbGbLXgfJmlo=
36,-46,gmZbGJR6OZrX0GxU8FE3zq8B9Ds=,r+Cvuu7xBGxaQdHEbGbLXgfJmlo=
35,-46,gmZbGJR6OZrX0GxU8FE3zq8B9Ds=,r+Cvuu7xBGxaQdHEbGbLXgfJmlo=
34,-46,gmZbGJR6OZrX0GxU8FE3zq8B9Ds=,r+Cvuu7xBGxaQdHEbGbLXgfJmlo=
33,-46,gmZbGJR6OZrX0GxU8FE3zq8B9Ds=,r+Cvuu7xBGxaQdHEbGbLXgfJmlo=
37,-47,gmZbGJR6OZrX0GxU8FE3zq8B9Ds=,r+Cvuu7xBGxaQdHEbGbLXgfJmlo=
36,-47,gmZbGJR6OZrX0GxU8FE3zq8B9Ds=,r+Cvuu7xBGxaQdHEbGbLXgfJmlo=
38,-47,gmZbGJR6OZrX0GxU8FE3zq8B9Ds=,r+Cvuu7xBGxaQdHEbGbLXgfJmlo=
35,-47,gmZbGJR6OZrX0GxU8FE3zq8B9Ds=,r+Cvuu7xBGxaQdHEbGbLXgfJmlo=
34,-47,gmZbGJR6OZrX0GxU8FE3zq8B9Ds=,r+Cvuu7xBGxaQdHEbGbLXgfJmlo=
33,-47,gmZbGJR6OZrX0GxU8FE3zq8B9Ds=,r+Cvuu7xBGxaQdHEbGbLXgfJmlo=
36,-42,gmZbGJR6OZrX0GxU8FE3zq8B9Ds=,r+Cvuu7xBGxaQdHEbGbLXgfJmlo=
35,-42,gmZbGJR6OZrX0GxU8FE3zq8B9Ds=,r+Cvuu7xBGxaQdHEbGbLXgfJmlo=
34,-42,gmZbGJR6OZrX0GxU8FE3zq8B9Ds=,r+Cvuu7xBGxaQdHEbGbLXgfJmlo=
33,-42,gmZbGJR6OZrX0GxU8FE3zq8B9Ds=,r+Cvuu7xBGxaQdHEbGbLXgfJmlo=
36,-43,gmZbGJR6OZrX0GxU8FE3zq8B9Ds=,r+Cvuu7xBGxaQdHEbGbLXgfJmlo=
35,-43,gmZbGJR6OZrX0GxU8FE3zq8B9Ds=,r+Cvuu7xBGxaQdHEbGbLXgfJmlo=
34,-43,gmZbGJR6OZrX0GxU8FE3zq8B9Ds=,r+Cvuu7xBGxaQdHEbGbLXgfJmlo=
33,-43,gmZbGJR6OZrX0GxU8FE3zq8B9Ds=,r+Cvuu7xBGxaQdHEbGbLXgfJmlo=
37,-44,gmZbGJR6OZrX0GxU8FE3zq8B9Ds=,r+Cvuu7xBGxaQdHEbGbLXgfJmlo=
36,-44,gmZbGJR6OZrX0GxU8FE3zq8B9Ds=,r+Cvuu7xBGxaQdHEbGbLXgfJmlo=
35,-44,gmZbGJR6OZrX0GxU8FE3zq8B9Ds=,r+Cvuu7xBGxaQdHEbGbLXgfJmlo=
34,-44,gmZbGJR6OZrX0GxU8FE3zq8B9Ds=,r+Cvuu7xBGxaQdHEbGbLXgfJmlo=
33,-44,gmZbGJR6OZrX0GxU8FE3zq8B9Ds=,r+Cvuu7xBGxaQdHEbGbLXgfJmlo=
38,-45,s3IdBFIQiUOXTn7VA/aFXaf3DI4=,r+Cvuu7xBGxaQdHEbGbLXgfJmlo=
36,-45,s3IdBFIQiUOXTn7VA/aFXaf3DI4=,r+Cvuu7xBGxaQdHEbGbLXgfJmlo=
35,-45,s3IdBFIQiUOXTn7VA/aFXaf3DI4=,r+Cvuu7xBGxaQdHEbGbLXgfJmlo=
34,-45,s3IdBFIQiUOXTn7VA/aFXaf3DI4=,r+Cvuu7xBGxaQdHEbGbLXgfJmlo=
33,-45,s3IdBFIQiUOXTn7VA/aFXaf3DI4=,r+Cvuu7xBGxaQdHEbGbLXgfJmlo=
38,-46,s3IdBFIQiUOXTn7VA/aFXaf3DI4=,r+Cvuu7xBGxaQdHEbGbLXgfJmlo=
37,-46,s3IdBFIQiUOXTn7VA/aFXaf3DI4=,r+Cvuu7xBGxaQdHEbGbLXgfJmlo=
44,-35,s3IdBFIQiUOXTn7VA/aFXaf3DI4=,r+Cvuu7xBGxaQdHEbGbLXgfJmlo=
45,-34,s3IdBFIQiUOXTn7VA/aFXaf3DI4=,r+Cvuu7xBGxaQdHEbGbLXgfJmlo=
44,-34,s3IdBFIQiUOXTn7VA/aFXaf3DI4=,r+Cvuu7xBGxaQdHEbGbLXgfJmlo=
43,-35,s3IdBFIQiUOXTn7VA/aFXaf3DI4=,r+Cvuu7xBGxaQdHEbGbLXgfJmlo=
43,-36,s3IdBFIQiUOXTn7VA/aFXaf3DI4=,r+Cvuu7xBGxaQdHEbGbLXgfJmlo=
42,-35,s3IdBFIQiUOXTn7VA/aFXaf3DI4=,r+Cvuu7xBGxaQdHEbGbLXgfJmlo=
41,-37,s3IdBFIQiUOXTn7VA/aFXaf3DI4=,r+Cvuu7xBGxaQdHEbGbLXgfJmlo=
42,-36,s3IdBFIQiUOXTn7VA/aFXaf3DI4=,r+Cvuu7xBGxaQdHEbGbLXgfJmlo=
41,-36,s3IdBFIQiUOXTn7VA/aFXaf3DI4=,r+Cvuu7xBGxaQdHEbGbLXgfJmlo=
41,-35,s3IdBFIQiUOXTn7VA/aFXaf3DI4=,r+Cvuu7xBGxaQdHEbGbLXgfJmlo=
43,-34,s3IdBFIQiUOXTn7VA/aFXaf3DI4=,r+Cvuu7xBGxaQdHEbGbLXgfJmlo=
44,-39,s3IdBFIQiUOXTn7VA/aFXaf3DI4=,r+Cvuu7xBGxaQdHEbGbLXgfJmlo=
46,-38,s3IdBFIQiUOXTn7VA/aFXaf3DI4=,r+Cvuu7xBGxaQdHEbGbLXgfJmlo=
42,-34,s3IdBFIQiUOXTn7VA/aFXaf3DI4=,r+Cvuu7xBGxaQdHEbGbLXgfJmlo=
45,-38,s3IdBFIQiUOXTn7VA/aFXaf3DI4=,r+Cvuu7xBGxaQdHEbGbLXgfJmlo=
44,-38,s3IdBFIQiUOXTn7VA/aFXaf3DI4=,r+Cvuu7xBGxaQdHEbGbLXgfJmlo=
41,-34,s3IdBFIQiUOXTn7VA/aFXaf3DI4=,r+Cvuu7xBGxaQdHEbGbLXgfJmlo=
43,-38,s3IdBFIQiUOXTn7VA/aFXaf3DI4=,r+Cvuu7xBGxaQdHEbGbLXgfJmlo=
45,-37,s3IdBFIQiUOXTn7VA/aFXaf3DI4=,r+Cvuu7xBGxaQdHEbGbLXgfJmlo=
44,-37,s3IdBFIQiUOXTn7VA/aFXaf3DI4=,r+Cvuu7xBGxaQdHEbGbLXgfJmlo=
43,-37,s3IdBFIQiUOXTn7VA/aFXaf3DI4=,r+Cvuu7xBGxaQdHEbGbLXgfJmlo=
42,-37,s3IdBFIQiUOXTn7VA/aFXaf3DI4=,r+Cvuu7xBGxaQdHEbGbLXgfJmlo=
45,-36,s3IdBFIQiUOXTn7VA/aFXaf3DI4=,r+Cvuu7xBGxaQdHEbGbLXgfJmlo=
44,-36,s3IdBFIQiUOXTn7VA/aFXaf3DI4=,r+Cvuu7xBGxaQdHEbGbLXgfJmlo=
46,-34,s3IdBFIQiUOXTn7VA/aFXaf3DI4=,r+Cvuu7xBGxaQdHEbGbLXgfJmlo=
46,-35,s3IdBFIQiUOXTn7VA/aFXaf3DI4=,r+Cvuu7xBGxaQdHEbGbLXgfJmlo=
45,-35,s3IdBFIQiUOXTn7VA/aFXaf3DI4=,r+Cvuu7xBGxaQdHEbGbLXgfJmlo=
36,-33,s3IdBFIQiUOXTn7VA/aFXaf3DI4=,r+Cvuu7xBGxaQdHEbGbLXgfJmlo=
37,-33,s3IdBFIQiUOXTn7VA/aFXaf3DI4=,r+Cvuu7xBGxaQdHEbGbLXgfJmlo=
38,-33,s3IdBFIQiUOXTn7VA/aFXaf3DI4=,r+Cvuu7xBGxaQdHEbGbLXgfJmlo=
39,-36,s3IdBFIQiUOXTn7VA/aFXaf3DI4=,r+Cvuu7xBGxaQdHEbGbLXgfJmlo=
40,-34,s3IdBFIQiUOXTn7VA/aFXaf3DI4=,r+Cvuu7xBGxaQdHEbGbLXgfJmlo=
37,-35,s3IdBFIQiUOXTn7VA/aFXaf3DI4=,r+Cvuu7xBGxaQdHEbGbLXgfJmlo=
38,-35,s3IdBFIQiUOXTn7VA/aFXaf3DI4=,r+Cvuu7xBGxaQdHEbGbLXgfJmlo=
40,-35,s3IdBFIQiUOXTn7VA/aFXaf3DI4=,r+Cvuu7xBGxaQdHEbGbLXgfJmlo=
40,-37,s3IdBFIQiUOXTn7VA/aFXaf3DI4=,r+Cvuu7xBGxaQdHEbGbLXgfJmlo=
33,-41,s3IdBFIQiUOXTn7VA/aFXaf3DI4=,r+Cvuu7xBGxaQdHEbGbLXgfJmlo=
40,-36,s3IdBFIQiUOXTn7VA/aFXaf3DI4=,r+Cvuu7xBGxaQdHEbGbLXgfJmlo=
34,-41,s3IdBFIQiUOXTn7VA/aFXaf3DI4=,r+Cvuu7xBGxaQdHEbGbLXgfJmlo=
33,-34,s3IdBFIQiUOXTn7VA/aFXaf3DI4=,r+Cvuu7xBGxaQdHEbGbLXgfJmlo=
35,-41,s3IdBFIQiUOXTn7VA/aFXaf3DI4=,r+Cvuu7xBGxaQdHEbGbLXgfJmlo=
34,-34,s3IdBFIQiUOXTn7VA/aFXaf3DI4=,r+Cvuu7xBGxaQdHEbGbLXgfJmlo=
35,-34,s3IdBFIQiUOXTn7VA/aFXaf3DI4=,r+Cvuu7xBGxaQdHEbGbLXgfJmlo=
36,-41,s3IdBFIQiUOXTn7VA/aFXaf3DI4=,r+Cvuu7xBGxaQdHEbGbLXgfJmlo=
38,-34,s3IdBFIQiUOXTn7VA/aFXaf3DI4=,r+Cvuu7xBGxaQdHEbGbLXgfJmlo=
33,-40,s3IdBFIQiUOXTn7VA/aFXaf3DI4=,r+Cvuu7xBGxaQdHEbGbLXgfJmlo=
39,-34,s3IdBFIQiUOXTn7VA/aFXaf3DI4=,r+Cvuu7xBGxaQdHEbGbLXgfJmlo=
34,-40,s3IdBFIQiUOXTn7VA/aFXaf3DI4=,r+Cvuu7xBGxaQdHEbGbLXgfJmlo=
35,-40,s3IdBFIQiUOXTn7VA/aFXaf3DI4=,r+Cvuu7xBGxaQdHEbGbLXgfJmlo=
33,-33,s3IdBFIQiUOXTn7VA/aFXaf3DI4=,r+Cvuu7xBGxaQdHEbGbLXgfJmlo=
34,-33,s3IdBFIQiUOXTn7VA/aFXaf3DI4=,r+Cvuu7xBGxaQdHEbGbLXgfJmlo=
35,-33,s3IdBFIQiUOXTn7VA/aFXaf3DI4=,r+Cvuu7xBGxaQdHEbGbLXgfJmlo=
32,-45,s3IdBFIQiUOXTn7VA/aFXaf3DI4=,r+Cvuu7xBGxaQdHEbGbLXgfJmlo=
32,-44,s3IdBFIQiUOXTn7VA/aFXaf3DI4=,r+Cvuu7xBGxaQdHEbGbLXgfJmlo=
32,-43,s3IdBFIQiUOXTn7VA/aFXaf3DI4=,r+Cvuu7xBGxaQdHEbGbLXgfJmlo=
32,-42,s3IdBFIQiUOXTn7VA/aFXaf3DI4=,r+Cvuu7xBGxaQdHEbGbLXgfJmlo=
32,-47,s3IdBFIQiUOXTn7VA/aFXaf3DI4=,r+Cvuu7xBGxaQdHEbGbLXgfJmlo=
32,-46,s3IdBFIQiUOXTn7VA/aFXaf3DI4=,r+Cvuu7xBGxaQdHEbGbLXgfJmlo=
32,-39,s3IdBFIQiUOXTn7VA/aFXaf3DI4=,r+Cvuu7xBGxaQdHEbGbLXgfJmlo=
32,-41,s3IdBFIQiUOXTn7VA/aFXaf3DI4=,r+Cvuu7xBGxaQdHEbGbLXgfJmlo=
32,-40,s3IdBFIQiUOXTn7VA/aFXaf3DI4=,r+Cvuu7xBGxaQdHEbGbLXgfJmlo=
47,-34,s3IdBFIQiUOXTn7VA/aFXaf3DI4=,r+Cvuu7xBGxaQdHEbGbLXgfJmlo=
47,-35,s3IdBFIQiUOXTn7VA/aFXaf3DI4=,r+Cvuu7xBGxaQdHEbGbLXgfJmlo=
47,-36,s3IdBFIQiUOXTn7VA/aFXaf3DI4=,r+Cvuu7xBGxaQdHEbGbLXgfJmlo=
47,-37,s3IdBFIQiUOXTn7VA/aFXaf3DI4=,r+Cvuu7xBGxaQdHEbGbLXgfJmlo=
47,-38,s3IdBFIQiUOXTn7VA/aFXaf3DI4=,r+Cvuu7xBGxaQdHEbGbLXgfJmlo=
47,-39,gtf0nHTCp4Yui5j60NEqjBedDhM=,r+Cvuu7xBGxaQdHEbGbLXgfJmlo=
32,-33,gtf0nHTCp4Yui5j60NEqjBedDhM=,r+Cvuu7xBGxaQdHEbGbLXgfJmlo=
39,-33,gtf0nHTCp4Yui5j60NEqjBedDhM=,r+Cvuu7xBGxaQdHEbGbLXgfJmlo=
46,-33,gtf0nHTCp4Yui5j60NEqjBedDhM=,r+Cvuu7xBGxaQdHEbGbLXgfJmlo=
45,-33,gtf0nHTCp4Yui5j60NEqjBedDhM=,r+Cvuu7xBGxaQdHEbGbLXgfJmlo=
44,-33,gtf0nHTCp4Yui5j60NEqjBedDhM=,r+Cvuu7xBGxaQdHEbGbLXgfJmlo=
43,-33,gtf0nHTCp4Yui5j60NEqjBedDhM=,r+Cvuu7xBGxaQdHEbGbLXgfJmlo=
42,-33,gtf0nHTCp4Yui5j60NEqjBedDhM=,r+Cvuu7xBGxaQdHEbGbLXgfJmlo=
41,-33,gtf0nHTCp4Yui5j60NEqjBedDhM=,r+Cvuu7xBGxaQdHEbGbLXgfJmlo=
40,-33,gtf0nHTCp4Yui5j60NEqjBedDhM=,r+Cvuu7xBGxaQdHEbGbLXgfJmlo=
37,-34,gtf0nHTCp4Yui5j60NEqjBedDhM=,r+Cvuu7xBGxaQdHEbGbLXgfJmlo=
47,-33,gtf0nHTCp4Yui5j60NEqjBedDhM=,r+Cvuu7xBGxaQdHEbGbLXgfJmlo=
39,-35,gtf0nHTCp4Yui5j60NEqjBedDhM=,r+Cvuu7xBGxaQdHEbGbLXgfJmlo=
46,-36,gtf0nHTCp4Yui5j60NEqjBedDhM=,r+Cvuu7xBGxaQdHEbGbLXgfJmlo=
36,-34,gtf0nHTCp4Yui5j60NEqjBedDhM=,r+Cvuu7xBGxaQdHEbGbLXgfJmlo=
36,-35,gtf0nHTCp4Yui5j60NEqjBedDhM=,r+Cvuu7xBGxaQdHEbGbLXgfJmlo=
32,-48,gtf0nHTCp4Yui5j60NEqjBedDhM=,r+Cvuu7xBGxaQdHEbGbLXgfJmlo=
33,-48,gtf0nHTCp4Yui5j60NEqjBedDhM=,r+Cvuu7xBGxaQdHEbGbLXgfJmlo=
34,-48,gtf0nHTCp4Yui5j60NEqjBedDhM=,r+Cvuu7xBGxaQdHEbGbLXgfJmlo=
35,-48,gtf0nHTCp4Yui5j60NEqjBedDhM=,r+Cvuu7xBGxaQdHEbGbLXgfJmlo=
36,-48,gtf0nHTCp4Yui5j60NEqjBedDhM=,r+Cvuu7xBGxaQdHEbGbLXgfJmlo=
32,-34,gtf0nHTCp4Yui5j60NEqjBedDhM=,r+Cvuu7xBGxaQdHEbGbLXgfJmlo=
38,-36,gtf0nHTCp4Yui5j60NEqjBedDhM=,r+Cvuu7xBGxaQdHEbGbLXgfJmlo=
47,-48,gtf0nHTCp4Yui5j60NEqjBedDhM=,r+Cvuu7xBGxaQdHEbGbLXgfJmlo=
47,-40,gtf0nHTCp4Yui5j60NEqjBedDhM=,r+Cvuu7xBGxaQdHEbGbLXgfJmlo=
47,-41,gtf0nHTCp4Yui5j60NEqjBedDhM=,r+Cvuu7xBGxaQdHEbGbLXgfJmlo=
47,-42,gtf0nHTCp4Yui5j60NEqjBedDhM=,r+Cvuu7xBGxaQdHEbGbLXgfJmlo=
47,-43,gtf0nHTCp4Yui5j60NEqjBedDhM=,r+Cvuu7xBGxaQdHEbGbLXgfJmlo=
45,-39,gtf0nHTCp4Yui5j60NEqjBedDhM=,r+Cvuu7xBGxaQdHEbGbLXgfJmlo=
46,-37,gtf0nHTCp4Yui5j60NEqjBedDhM=,r+Cvuu7xBGxaQdHEbGbLXgfJmlo=
37,-45,gtf0nHTCp4Yui5j60NEqjBedDhM=,r+Cvuu7xBGxaQdHEbGbLXgfJmlo=
37,-48,gtf0nHTCp4Yui5j60NEqjBedDhM=,r+Cvuu7xBGxaQdHEbGbLXgfJmlo=
42,-38,gtf0nHTCp4Yui5j60NEqjBedDhM=,r+Cvuu7xBGxaQdHEbGbLXgfJmlo=
38,-44,gtf0nHTCp4Yui5j60NEqjBedDhM=,r+Cvuu7xBGxaQdHEbGbLXgfJmlo=
43,-39,gtf0nHTCp4Yui5j60NEqjBedDhM=,r+Cvuu7xBGxaQdHEbGbLXgfJmlo=
36,-40,gtf0nHTCp4Yui5j60NEqjBedDhM=,r+Cvuu7xBGxaQdHEbGbLXgfJmlo=
46,-39,gtf0nHTCp4Yui5j60NEqjBedDhM=,r+Cvuu7xBGxaQdHEbGbLXgfJmlo=
37,-43,gtf0nHTCp4Yui5j60NEqjBedDhM=,r+Cvuu7xBGxaQdHEbGbLXgfJmlo=
39,-37,gtf0nHTCp4Yui5j60NEqjBedDhM=,r+Cvuu7xBGxaQdHEbGbLXgfJmlo=
39,-41,gtf0nHTCp4Yui5j60NEqjBedDhM=,r+Cvuu7xBGxaQdHEbGbLXgfJmlo=
33,-39,gtf0nHTCp4Yui5j60NEqjBedDhM=,r+Cvuu7xBGxaQdHEbGbLXgfJmlo=
44,-46,gtf0nHTCp4Yui5j60NEqjBedDhM=,r+Cvuu7xBGxaQdHEbGbLXgfJmlo=
45,-46,gtf0nHTCp4Yui5j60NEqjBedDhM=,r+Cvuu7xBGxaQdHEbGbLXgfJmlo=
41,-39,gtf0nHTCp4Yui5j60NEqjBedDhM=,r+Cvuu7xBGxaQdHEbGbLXgfJmlo=
42,-39,gtf0nHTCp4Yui5j60NEqjBedDhM=,r+Cvuu7xBGxaQdHEbGbLXgfJmlo=
41,-48,gtf0nHTCp4Yui5j60NEqjBedDhM=,r+Cvuu7xBGxaQdHEbGbLXgfJmlo=
36,-36,gtf0nHTCp4Yui5j60NEqjBedDhM=,r+Cvuu7xBGxaQdHEbGbLXgfJmlo=
46,-48,gtf0nHTCp4Yui5j60NEqjBedDhM=,r+Cvuu7xBGxaQdHEbGbLXgfJmlo=
46,-46,gtf0nHTCp4Yui5j60NEqjBedDhM=,r+Cvuu7xBGxaQdHEbGbLXgfJmlo=
43,-40,gtf0nHTCp4Yui5j60NEqjBedDhM=,r+Cvuu7xBGxaQdHEbGbLXgfJmlo=
42,-40,gtf0nHTCp4Yui5j60NEqjBedDhM=,r+Cvuu7xBGxaQdHEbGbLXgfJmlo=
37,-36,gtf0nHTCp4Yui5j60NEqjBedDhM=,r+Cvuu7xBGxaQdHEbGbLXgfJmlo=
41,-40,gtf0nHTCp4Yui5j60NEqjBedDhM=,r+Cvuu7xBGxaQdHEbGbLXgfJmlo=
41,-38,gtf0nHTCp4Yui5j60NEqjBedDhM=,r+Cvuu7xBGxaQdHEbGbLXgfJmlo=
42,-46,gtf0nHTCp4Yui5j60NEqjBedDhM=,r+Cvuu7xBGxaQdHEbGbLXgfJmlo=
47,-47,gtf0nHTCp4Yui5j60NEqjBedDhM=,r+Cvuu7xBGxaQdHEbGbLXgfJmlo=
38,-48,gtf0nHTCp4Yui5j60NEqjBedDhM=,r+Cvuu7xBGxaQdHEbGbLXgfJmlo=
47,-46,gtf0nHTCp4Yui5j60NEqjBedDhM=,r+Cvuu7xBGxaQdHEbGbLXgfJmlo=
37,-42,gtf0nHTCp4Yui5j60NEqjBedDhM=,r+Cvuu7xBGxaQdHEbGbLXgfJmlo=
40,-40,gtf0nHTCp4Yui5j60NEqjBedDhM=,r+Cvuu7xBGxaQdHEbGbLXgfJmlo=
40,-39,gtf0nHTCp4Yui5j60NEqjBedDhM=,r+Cvuu7xBGxaQdHEbGbLXgfJmlo=
45,-40,gtf0nHTCp4Yui5j60NEqjBedDhM=,r+Cvuu7xBGxaQdHEbGbLXgfJmlo=
45,-41,gtf0nHTCp4Yui5j60NEqjBedDhM=,r+Cvuu7xBGxaQdHEbGbLXgfJmlo=
43,-46,gtf0nHTCp4Yui5j60NEqjBedDhM=,r+Cvuu7xBGxaQdHEbGbLXgfJmlo=
39,-44,gtf0nHTCp4Yui5j60NEqjBedDhM=,r+Cvuu7xBGxaQdHEbGbLXgfJmlo=
46,-40,gtf0nHTCp4Yui5j60NEqjBedDhM=,r+Cvuu7xBGxaQdHEbGbLXgfJmlo=
39,-47,gtf0nHTCp4Yui5j60NEqjBedDhM=,r+Cvuu7xBGxaQdHEbGbLXgfJmlo=
45,-42,gtf0nHTCp4Yui5j60NEqjBedDhM=,r+Cvuu7xBGxaQdHEbGbLXgfJmlo=
42,-42,gtf0nHTCp4Yui5j60NEqjBedDhM=,r+Cvuu7xBGxaQdHEbGbLXgfJmlo=
37,-41,gtf0nHTCp4Yui5j60NEqjBedDhM=,r+Cvuu7xBGxaQdHEbGbLXgfJmlo=
39,-40,gtf0nHTCp4Yui5j60NEqjBedDhM=,r+Cvuu7xBGxaQdHEbGbLXgfJmlo=
44,-41,gtf0nHTCp4Yui5j60NEqjBedDhM=,r+Cvuu7xBGxaQdHEbGbLXgfJmlo=
45,-48,gtf0nHTCp4Yui5j60NEqjBedDhM=,r+Cvuu7xBGxaQdHEbGbLXgfJmlo=
38,-43,gtf0nHTCp4Yui5j60NEqjBedDhM=,r+Cvuu7xBGxaQdHEbGbLXgfJmlo=
40,-41,gtf0nHTCp4Yui5j60NEqjBedDhM=,r+Cvuu7xBGxaQdHEbGbLXgfJmlo=
41,-41,gtf0nHTCp4Yui5j60NEqjBedDhM=,r+Cvuu7xBGxaQdHEbGbLXgfJmlo=
44,-40,gtf0nHTCp4Yui5j60NEqjBedDhM=,r+Cvuu7xBGxaQdHEbGbLXgfJmlo=
38,-41,gtf0nHTCp4Yui5j60NEqjBedDhM=,r+Cvuu7xBGxaQdHEbGbLXgfJmlo=
42,-41,gtf0nHTCp4Yui5j60NEqjBedDhM=,r+Cvuu7xBGxaQdHEbGbLXgfJmlo=
43,-41,gtf0nHTCp4Yui5j60NEqjBedDhM=,r+Cvuu7xBGxaQdHEbGbLXgfJmlo=
39,-45,gtf0nHTCp4Yui5j60NEqjBedDhM=,r+Cvuu7xBGxaQdHEbGbLXgfJmlo=
44,-48,gtf0nHTCp4Yui5j60NEqjBedDhM=,r+Cvuu7xBGxaQdHEbGbLXgfJmlo=
45,-47,gtf0nHTCp4Yui5j60NEqjBedDhM=,r+Cvuu7xBGxaQdHEbGbLXgfJmlo=
39,-46,gtf0nHTCp4Yui5j60NEqjBedDhM=,r+Cvuu7xBGxaQdHEbGbLXgfJmlo=
38,-39,gtf0nHTCp4Yui5j60NEqjBedDhM=,r+Cvuu7xBGxaQdHEbGbLXgfJmlo=
46,-41,gtf0nHTCp4Yui5j60NEqjBedDhM=,r+Cvuu7xBGxaQdHEbGbLXgfJmlo=
37,-40,gtf0nHTCp4Yui5j60NEqjBedDhM=,r+Cvuu7xBGxaQdHEbGbLXgfJmlo=
46,-47,gtf0nHTCp4Yui5j60NEqjBedDhM=,r+Cvuu7xBGxaQdHEbGbLXgfJmlo=
41,-42,gtf0nHTCp4Yui5j60NEqjBedDhM=,r+Cvuu7xBGxaQdHEbGbLXgfJmlo=
39,-42,gtf0nHTCp4Yui5j60NEqjBedDhM=,r+Cvuu7xBGxaQdHEbGbLXgfJmlo=
40,-38,gtf0nHTCp4Yui5j60NEqjBedDhM=,r+Cvuu7xBGxaQdHEbGbLXgfJmlo=
43,-42,gtf0nHTCp4Yui5j60NEqjBedDhM=,r+Cvuu7xBGxaQdHEbGbLXgfJmlo=
39,-38,gtf0nHTCp4Yui5j60NEqjBedDhM=,r+Cvuu7xBGxaQdHEbGbLXgfJmlo=
39,-39,gtf0nHTCp4Yui5j60NEqjBedDhM=,r+Cvuu7xBGxaQdHEbGbLXgfJmlo=
36,-39,gtf0nHTCp4Yui5j60NEqjBedDhM=,r+Cvuu7xBGxaQdHEbGbLXgfJmlo=
38,-37,gtf0nHTCp4Yui5j60NEqjBedDhM=,r+Cvuu7xBGxaQdHEbGbLXgfJmlo=
44,-42,gtf0nHTCp4Yui5j60NEqjBedDhM=,r+Cvuu7xBGxaQdHEbGbLXgfJmlo=
37,-37,gtf0nHTCp4Yui5j60NEqjBedDhM=,r+Cvuu7xBGxaQdHEbGbLXgfJmlo=
41,-46,gtf0nHTCp4Yui5j60NEqjBedDhM=,r+Cvuu7xBGxaQdHEbGbLXgfJmlo=
40,-42,gtf0nHTCp4Yui5j60NEqjBedDhM=,r+Cvuu7xBGxaQdHEbGbLXgfJmlo=
36,-38,gtf0nHTCp4Yui5j60NEqjBedDhM=,r+Cvuu7xBGxaQdHEbGbLXgfJmlo=
44,-47,gtf0nHTCp4Yui5j60NEqjBedDhM=,r+Cvuu7xBGxaQdHEbGbLXgfJmlo=
40,-48,gtf0nHTCp4Yui5j60NEqjBedDhM=,r+Cvuu7xBGxaQdHEbGbLXgfJmlo=
36,-37,gtf0nHTCp4Yui5j60NEqjBedDhM=,r+Cvuu7xBGxaQdHEbGbLXgfJmlo=
38,-38,gtf0nHTCp4Yui5j60NEqjBedDhM=,r+Cvuu7xBGxaQdHEbGbLXgfJmlo=
37,-38,gtf0nHTCp4Yui5j60NEqjBedDhM=,r+Cvuu7xBGxaQdHEbGbLXgfJmlo=
38,-42,gtf0nHTCp4Yui5j60NEqjBedDhM=,r+Cvuu7xBGxaQdHEbGbLXgfJmlo=
45,-43,gtf0nHTCp4Yui5j60NEqjBedDhM=,r+Cvuu7xBGxaQdHEbGbLXgfJmlo=
37,-39,gtf0nHTCp4Yui5j60NEqjBedDhM=,r+Cvuu7xBGxaQdHEbGbLXgfJmlo=
43,-43,gtf0nHTCp4Yui5j60NEqjBedDhM=,r+Cvuu7xBGxaQdHEbGbLXgfJmlo=
39,-43,gtf0nHTCp4Yui5j60NEqjBedDhM=,r+Cvuu7xBGxaQdHEbGbLXgfJmlo=
44,-43,gtf0nHTCp4Yui5j60NEqjBedDhM=,r+Cvuu7xBGxaQdHEbGbLXgfJmlo=
42,-43,gtf0nHTCp4Yui5j60NEqjBedDhM=,r+Cvuu7xBGxaQdHEbGbLXgfJmlo=
38,-40,gtf0nHTCp4Yui5j60NEqjBedDhM=,r+Cvuu7xBGxaQdHEbGbLXgfJmlo=
47,-44,gtf0nHTCp4Yui5j60NEqjBedDhM=,r+Cvuu7xBGxaQdHEbGbLXgfJmlo=
40,-47,gtf0nHTCp4Yui5j60NEqjBedDhM=,r+Cvuu7xBGxaQdHEbGbLXgfJmlo=
42,-48,gtf0nHTCp4Yui5j60NEqjBedDhM=,r+Cvuu7xBGxaQdHEbGbLXgfJmlo=
34,-39,gtf0nHTCp4Yui5j60NEqjBedDhM=,r+Cvuu7xBGxaQdHEbGbLXgfJmlo=
46,-42,gtf0nHTCp4Yui5j60NEqjBedDhM=,r+Cvuu7xBGxaQdHEbGbLXgfJmlo=
41,-43,gtf0nHTCp4Yui5j60NEqjBedDhM=,r+Cvuu7xBGxaQdHEbGbLXgfJmlo=
40,-46,gtf0nHTCp4Yui5j60NEqjBedDhM=,r+Cvuu7xBGxaQdHEbGbLXgfJmlo=
39,-48,gtf0nHTCp4Yui5j60NEqjBedDhM=,r+Cvuu7xBGxaQdHEbGbLXgfJmlo=
40,-45,gtf0nHTCp4Yui5j60NEqjBedDhM=,r+Cvuu7xBGxaQdHEbGbLXgfJmlo=
45,-44,gtf0nHTCp4Yui5j60NEqjBedDhM=,r+Cvuu7xBGxaQdHEbGbLXgfJmlo=
43,-48,gtf0nHTCp4Yui5j60NEqjBedDhM=,r+Cvuu7xBGxaQdHEbGbLXgfJmlo=
42,-44,gtf0nHTCp4Yui5j60NEqjBedDhM=,r+Cvuu7xBGxaQdHEbGbLXgfJmlo=
46,-44,gtf0nHTCp4Yui5j60NEqjBedDhM=,r+Cvuu7xBGxaQdHEbGbLXgfJmlo=
35,-35,gtf0nHTCp4Yui5j60NEqjBedDhM=,r+Cvuu7xBGxaQdHEbGbLXgfJmlo=
47,-45,gtf0nHTCp4Yui5j60NEqjBedDhM=,r+Cvuu7xBGxaQdHEbGbLXgfJmlo=
43,-47,gtf0nHTCp4Yui5j60NEqjBedDhM=,r+Cvuu7xBGxaQdHEbGbLXgfJmlo=
43,-44,gtf0nHTCp4Yui5j60NEqjBedDhM=,r+Cvuu7xBGxaQdHEbGbLXgfJmlo=
46,-45,gtf0nHTCp4Yui5j60NEqjBedDhM=,r+Cvuu7xBGxaQdHEbGbLXgfJmlo=
44,-44,gtf0nHTCp4Yui5j60NEqjBedDhM=,r+Cvuu7xBGxaQdHEbGbLXgfJmlo=
45,-45,gtf0nHTCp4Yui5j60NEqjBedDhM=,r+Cvuu7xBGxaQdHEbGbLXgfJmlo=
44,-45,gtf0nHTCp4Yui5j60NEqjBedDhM=,r+Cvuu7xBGxaQdHEbGbLXgfJmlo=
40,-43,gtf0nHTCp4Yui5j60NEqjBedDhM=,r+Cvuu7xBGxaQdHEbGbLXgfJmlo=
41,-44,gtf0nHTCp4Yui5j60NEqjBedDhM=,r+Cvuu7xBGxaQdHEbGbLXgfJmlo=
42,-45,gtf0nHTCp4Yui5j60NEqjBedDhM=,r+Cvuu7xBGxaQdHEbGbLXgfJmlo=
43,-45,gtf0nHTCp4Yui5j60NEqjBedDhM=,r+Cvuu7xBGxaQdHEbGbLXgfJmlo=
46,-43,gtf0nHTCp4Yui5j60NEqjBedDhM=,r+Cvuu7xBGxaQdHEbGbLXgfJmlo=
35,-39,gtf0nHTCp4Yui5j60NEqjBedDhM=,r+Cvuu7xBGxaQdHEbGbLXgfJmlo=
40,-44,gtf0nHTCp4Yui5j60NEqjBedDhM=,r+Cvuu7xBGxaQdHEbGbLXgfJmlo=
41,-45,gtf0nHTCp4Yui5j60NEqjBedDhM=,r+Cvuu7xBGxaQdHEbGbLXgfJmlo=
41,-47,gtf0nHTCp4Yui5j60NEqjBedDhM=,r+Cvuu7xBGxaQdHEbGbLXgfJmlo=
42,-47,eMI2VrcMmG2cDLmF94B1pu8J0UE=,r+Cvuu7xBGxaQdHEbGbLXgfJmlo=
34,-35,eMI2VrcMmG2cDLmF94B1pu8J0UE=,r+Cvuu7xBGxaQdHEbGbLXgfJmlo=
32,-38,eMI2VrcMmG2cDLmF94B1pu8J0UE=,r+Cvuu7xBGxaQdHEbGbLXgfJmlo=
33,-35,eMI2VrcMmG2cDLmF94B1pu8J0UE=,r+Cvuu7xBGxaQdHEbGbLXgfJmlo=
34,-36,eMI2VrcMmG2cDLmF94B1pu8J0UE=,r+Cvuu7xBGxaQdHEbGbLXgfJmlo=
34,-37,eMI2VrcMmG2cDLmF94B1pu8J0UE=,r+Cvuu7xBGxaQdHEbGbLXgfJmlo=
32,-36,eMI2VrcMmG2cDLmF94B1pu8J0UE=,r+Cvuu7xBGxaQdHEbGbLXgfJmlo=
35,-37,eMI2VrcMmG2cDLmF94B1pu8J0UE=,r+Cvuu7xBGxaQdHEbGbLXgfJmlo=
33,-36,eMI2VrcMmG2cDLmF94B1pu8J0UE=,r+Cvuu7xBGxaQdHEbGbLXgfJmlo=
35,-38,eMI2VrcMmG2cDLmF94B1pu8J0UE=,r+Cvuu7xBGxaQdHEbGbLXgfJmlo=
34,-38,eMI2VrcMmG2cDLmF94B1pu8J0UE=,r+Cvuu7xBGxaQdHEbGbLXgfJmlo=
35,-36,eMI2VrcMmG2cDLmF94B1pu8J0UE=,r+Cvuu7xBGxaQdHEbGbLXgfJmlo=
32,-35,eMI2VrcMmG2cDLmF94B1pu8J0UE=,r+Cvuu7xBGxaQdHEbGbLXgfJmlo=
33,-38,eMI2VrcMmG2cDLmF94B1pu8J0UE=,r+Cvuu7xBGxaQdHEbGbLXgfJmlo=
32,-37,eMI2VrcMmG2cDLmF94B1pu8J0UE=,r+Cvuu7xBGxaQdHEbGbLXgfJmlo=
33,-37,eMI2VrcMmG2cDLmF94B1pu8J0UE=,r+Cvuu7xBGxaQdHEbGbLXgfJmlo=
